Session,Trial,Trial_total,Group,Individual,Demonstrator,Behaviour,Response,Latency,Comments
1,1,1,Compatible,Debbie,Dobbie,Splash,1,0.766,The description board says incompateble however it seems it should have been compatible
1,2,2,Compatible,Debbie,Dobbie,Spin,1,1.9515,
1,3,3,Compatible,Debbie,Dobbie,Spin,1,1.706875,
1,4,4,Compatible,Debbie,Dobbie,Splash,1,0.74975,
1,5,5,Compatible,Debbie,Dobbie,Spin,1,1.40775,
1,6,6,Compatible,Debbie,Dobbie,Splash,1,0.464375,Action begun before signal
1,7,7,Compatible,Debbie,Dobbie,Spin,1,1.61025,
1,8,8,Compatible,Debbie,Dobbie,Splash,1,0.4985,Action begun before signal
1,9,9,Compatible,Debbie,Dobbie,Spin,1,1.862,
1,10,10,Compatible,Debbie,Dobbie,Splash,1,1.274375,
2,1,11,Compatible,Debbie,Dobbie,Splash,1,1.082,Action begun before signal
2,2,12,Compatible,Debbie,Dobbie,Spin,1,1.900375,
2,3,13,Compatible,Debbie,Dobbie,Spin,1,2.050375,
2,4,14,Compatible,Debbie,Dobbie,Splash,1,0.449000000000001,
2,5,15,Compatible,Debbie,Dobbie,Splash,1,0.8225,
2,6,16,Compatible,Debbie,Dobbie,Spin,1,2.034375,
2,7,17,Compatible,Debbie,Dobbie,Spin,1,1.401875,
2,8,18,Compatible,Debbie,Dobbie,Splash,1,0.432625,
2,9,19,Compatible,Debbie,Dobbie,Spin,1,1.748,
2,10,20,Compatible,Debbie,Dobbie,Splash,1,0.51825,
3,1,21,Compatible,Debbie,Dobbie,Splash,1,0.697,
3,2,22,Compatible,Debbie,Dobbie,Spin,1,1.800375,
3,3,23,Compatible,Debbie,Dobbie,Spin,1,2.491375,
3,4,24,Compatible,Debbie,Dobbie,Splash,1,0.288875,Action begun before signal
3,5,25,Compatible,Debbie,Dobbie,Splash,1,0.454,Action begun before signal
3,6,26,Compatible,Debbie,Dobbie,Spin,1,2.33725,
3,7,27,Compatible,Debbie,Dobbie,Splash,1,0.621499999999999,
3,8,28,Compatible,Debbie,Dobbie,Spin,1,2.676625,
3,9,29,Compatible,Debbie,Dobbie,Splash,1,1.0135,
3,10,30,Compatible,Debbie,Dobbie,Spin,1,2.441625,
4,1,31,Compatible,Debbie,Dobbie,Spin,1,2.12525,
4,2,32,Compatible,Debbie,Dobbie,Spin,1,2.178375,
4,3,33,Compatible,Debbie,Dobbie,Splash,1,0.87925,
4,4,34,Compatible,Debbie,Dobbie,Splash,1,1.021625,
4,5,35,Compatible,Debbie,Dobbie,Spin,1,2.601625,
4,6,36,Compatible,Debbie,Dobbie,Spin,1,2.205375,
4,7,37,Compatible,Debbie,Dobbie,Splash,1,0.6535,
4,8,38,Compatible,Debbie,Dobbie,Spin,1,2.877875,
4,9,39,Compatible,Debbie,Dobbie,Splash,1,0.29975,Action begun before signal
4,10,40,Compatible,Debbie,Dobbie,Splash,1,0.24125,Action begun before signal
1,1,1,Compatible,Delphi,Ivo,Splash,0,4.130125,
1,2,2,Compatible,Delphi,Ivo,Spin,1,3.159,
1,3,3,Compatible,Delphi,Ivo,Spin,1,2.927,
1,4,4,Compatible,Delphi,Ivo,Splash,1,0.8235,
1,5,5,Compatible,Delphi,Ivo,Spin,1,4.405125,
1,6,6,Compatible,Delphi,Ivo,Splash,1,0.684375,
1,7,7,Compatible,Delphi,Ivo,Spin,1,3.46525,
1,8,8,Compatible,Delphi,Ivo,Splash,1,0.727625,
1,9,9,Compatible,Delphi,Ivo,Spin,1,3.71825,
1,10,10,Compatible,Delphi,Ivo,Splash,1,0.69525,
2,1,11,Compatible,Delphi,Ivo,Splash,1,0.72625,
2,2,12,Compatible,Delphi,Ivo,Spin,1,3.877,
2,3,13,Compatible,Delphi,Ivo,Spin,1,3.559125,
2,4,14,Compatible,Delphi,Ivo,Splash,1,0.830375,
2,5,15,Compatible,Delphi,Ivo,Splash,1,0.588375,
2,6,16,Compatible,Delphi,Ivo,Spin,1,3.279125,
2,7,17,Compatible,Delphi,Ivo,Spin,1,3.896875,
2,8,18,Compatible,Delphi,Ivo,Splash,1,0.683625,
2,9,19,Compatible,Delphi,Ivo,Spin,1,3.475125,
2,10,20,Compatible,Delphi,Ivo,Splash,1,0.511,
3,1,21,Compatible,Delphi,Ivo,Splash,1,0.708125,
3,2,22,Compatible,Delphi,Ivo,Spin,1,3.37075,
3,3,23,Compatible,Delphi,Ivo,Spin ,1,2.837125,
3,4,24,Compatible,Delphi,Ivo,Splash,1,0.648750000000001,
3,5,25,Compatible,Delphi,Ivo,Splash,1,0.67175,
3,6,26,Compatible,Delphi,Ivo,Spin,1,3.338125,
3,7,27,Compatible,Delphi,Ivo,Splash,1,0.45525,
3,8,28,Compatible,Delphi,Ivo,Spin,1,2.69375,
3,9,29,Compatible,Delphi,Ivo,Splash,1,0.12325,Action begun before signal
3,10,30,Compatible,Delphi,Ivo,Spin,1,2.84275,
4,1,31,Compatible,Delphi,Ivo,Spin ,1,3.05675,
4,2,32,Compatible,Delphi,Ivo,Spin,1,3.42425,Not a full spin (17:20) 
4,3,33,Compatible,Delphi,Ivo,Splash,1,0.637750000000001,
4,4,34,Compatible,Delphi,Ivo,Splash,1,0.535625,
4,5,35,Compatible,Delphi,Ivo,Spin,1,3.540375,
4,6,36,Compatible,Delphi,Ivo,Spin,0,0,Acion not completed
4,7,37,Compatible,Delphi,Ivo,Splash,1,0.6335,
4,8,38,Compatible,Delphi,Ivo,Spin,1,7.19525,
4,9,39,Compatible,Delphi,Ivo,Splash,1,0.593,
4,10,40,Compatible,Delphi,Ivo,Splash,1,0.510875,
1,1,1,Compatible,Delphi,Ivo,Tail Wave,1,5.082875,
1,2,2,Compatible,Delphi,Ivo,Belly Up,1,3.213375,
1,3,3,Compatible,Delphi,Ivo,Belly Up,1,2.84775,
1,4,4,Compatible,Delphi,Ivo,Tail Wave,1,4.358875,
1,5,5,Compatible,Delphi,Ivo,Belly Up,1,2.8775,
1,6,6,Compatible,Delphi,Ivo,Tail Wave,1,4.800875,
1,7,7,Compatible,Delphi,Ivo,Belly Up,1,3.04275,
1,8,8,Compatible,Delphi,Ivo,Tail Wave,1,4.02425,
1,9,9,Compatible,Delphi,Ivo,Belly Up,1,3.2925,
1,10,10,Compatible,Delphi,Ivo,Tail Wave,1,4.13175,
2,1,11,Compatible,Delphi,Ivo,Tail Wave,1,3.301875,
2,2,12,Compatible,Delphi,Ivo,Belly Up,1,2.633375,
2,3,13,Compatible,Delphi,Ivo,Belly Up,1,3.727375,
2,4,14,Compatible,Delphi,Ivo,Tail Wave,1,3.083,
2,5,15,Compatible,Delphi,Ivo,Tail Wave,1,3.443125,
2,6,16,Compatible,Delphi,Ivo,Belly Up,1,-4.563125,
2,7,17,Compatible,Delphi,Ivo,Tail Wave,1,3.5185,
2,8,18,Compatible,Delphi,Ivo,Belly Up,1,3.0995,
2,9,19,Compatible,Delphi,Ivo,Tail Wave,1,3.148875,
3,1,20,Compatible,Delphi,Ivo,Tail Wave,1,5.017625,Description board says Incompatible but it looks like compatible
3,2,21,Compatible,Delphi,Ivo,Belly Up,1,3.665,
3,3,22,Compatible,Delphi,Ivo,Belly Up,1,2.8445,
3,4,23,Compatible,Delphi,Ivo,Tail Wave,1,4.655,
3,5,24,Compatible,Delphi,Ivo,Tail Wave,1,4.72475,
3,6,25,Compatible,Delphi,Ivo,Belly Up,1,-4.33425,
3,7,26,Compatible,Delphi,Ivo,Belly Up,1,2.7515,
3,8,27,Compatible,Delphi,Ivo,Tail Wave,0,2.0585,
3,9,28,Compatible,Delphi,Ivo,Belly Up,1,1.519625,Action begun before signal
3,10,29,Compatible,Delphi,Ivo,Tail Wave,1,2.98475,
4,1,30,Compatible,Delphi,Ivo,Belly Up,1,3.46575,
4,2,31,Compatible,Delphi,Ivo,Belly Up,1,1.68125,Action begun before signal
4,3,32,Compatible,Delphi,Ivo,Belly Up,1,3.418875,
4,4,33,Compatible,Delphi,Ivo,Tail Wave,1,4.699,
4,5,34,Compatible,Delphi,Ivo,Tail Wave,1,4.058125,
4,6,35,Compatible,Delphi,Ivo,Belly Up,1,4.2635,
4,7,36,Compatible,Delphi,Ivo,Belly Up,1,2.536375,
4,8,37,Compatible,Delphi,Ivo,Tail Wave,0,2.889875,
4,9,38,Compatible,Delphi,Ivo,Belly Up,1,2.825875,
4,10,39,Compatible,Delphi,Ivo,Tail Wave,1,2.582875,
4,11,40,Compatible,Delphi,Ivo,Tail Wave,1,3.941875,
1,1,1,Incompatible,Dobbie,Ivo,Splash,1,2.095125,
1,2,2,Incompatible,Dobbie,Ivo,Spin,1,0.59525,
1,3,3,Incompatible,Dobbie,Ivo,Spin,1,0.571875,
1,4,4,Incompatible,Dobbie,Ivo,Splash,1,2.396625,
1,5,5,Incompatible,Dobbie,Ivo,Spin,1,0.597625,
1,6,6,Incompatible,Dobbie,Ivo,Splash,1,2.078,
1,7,7,Incompatible,Dobbie,Ivo,Spin,1,0.64475,
1,8,8,Incompatible,Dobbie,Ivo,Splash,1,2.154,
1,9,9,Incompatible,Dobbie,Ivo,Splash,1,0.526875,
1,10,10,Incompatible,Dobbie,Ivo,Splash,1,2.332125,
2,1,11,Incompatible,Dobbie,Ivo,Splash,1,2.21925,
2,2,12,Incompatible,Dobbie,Ivo,Spin,1,0.585125,
2,3,13,Incompatible,Dobbie,Ivo,Spin,1,0.639125,
2,4,14,Incompatible,Dobbie,Ivo,Splash,1,2.123,
2,5,15,Incompatible,Dobbie,Ivo,Splash,1,1.79075, 
2,6,16,Incompatible,Dobbie,Ivo,Spin,1,0.293125,
2,7,17,Incompatible,Dobbie,Ivo,Spin,1,0.651875,
2,8,18,Incompatible,Dobbie,Ivo,Splash,1,1.904,
2,9,19,Incompatible,Dobbie,Ivo,Spin,1,0.8075,
2,10,20,Incompatible,Dobbie,Ivo,Splash,1,2.173125,
3,1,21,Incompatible,Dobbie,Ivo,Splash,1,2.015875,
3,2,22,Incompatible,Dobbie,Ivo,Spin,1,1.18175,
3,3,23,Incompatible,Dobbie,Ivo,Spin,1,0.7055,
3,4,24,Incompatible,Dobbie,Ivo,Splash,1,2.368875,
3,5,25,Incompatible,Dobbie,Ivo,Splash,1,2.016625,
3,6,26,Incompatible,Dobbie,Ivo,Spin,1,0.73975,
3,7,27,Incompatible,Dobbie,Ivo,Splash,1,2.310875,
3,8,28,Incompatible,Dobbie,Ivo,Spin,1,0.78825,
3,9,29,Incompatible,Dobbie,Ivo,Splash,1,2.08525,
3,10,30,Incompatible,Dobbie,Ivo,Spin,1,0.95525,
4,1,31,Incompatible,Dobbie,Ivo,Spin,1,0.554,
4,2,32,Incompatible,Dobbie,Ivo,Spin,1,0.9455,
4,3,33,Incompatible,Dobbie,Ivo,Splash,1,1.91925,
4,4,34,Incompatible,Dobbie,Ivo,Splash,1,1.989375,
4,5,35,Incompatible,Dobbie,Ivo,Spin,1,0.833875,
4,6,36,Incompatible,Dobbie,Ivo,Spin,1,0.763999999999999,
4,7,37,Incompatible,Dobbie,Ivo,Splash,1,2.00275,
4,8,38,Incompatible,Dobbie,Ivo,Spin,1,0.70525,
4,9,39,Incompatible,Dobbie,Ivo,Splash,1,2.137875,
4,10,40,Incompatible,Dobbie,Ivo,Splash,1,2.02025,
1,1,1,Incompatible,Dobbie,Debbie,Tail Wave,1,2.08825,
1,2,2,Incompatible,Dobbie,Debbie,Belly Up,1,4.776,
1,3,3,Incompatible,Dobbie,Debbie,Belly Up,1,3.906625,
1,4,4,Incompatible,Dobbie,Debbie,Tail Wave,1,2.0425,
1,5,5,Incompatible,Dobbie,Debbie,Belly Up,1,3.731375,
1,6,6,Incompatible,Dobbie,Debbie,Tail Wave,1,1.990375,
1,7,7,Incompatible,Dobbie,Debbie,Belly Up,1,3.66025,
1,8,8,Incompatible,Dobbie,Debbie,Tail Wave,1,1.56225,
1,9,9,Incompatible,Dobbie,Debbie,Belly Up,1,3.13525,
1,10,10,Incompatible,Dobbie,Debbie,Tail Wave,0,0,"Demonstrator Dolphin did not follow command, session ended early"
2,1,11,Incompatible,Dobbie,Debbie,Tail Wave,1,1.111625,
2,2,12,Incompatible,Dobbie,Debbie,Belly Up,1,3.5705,
2,3,13,Incompatible,Dobbie,Debbie,Belly Up,1,-3.778125,
2,4,14,Incompatible,Dobbie,Debbie,Tail Wave,1,1.69625,
2,5,15,Incompatible,Dobbie,Debbie,Tail Wave,1,1.796,
2,6,16,Incompatible,Dobbie,Debbie,Belly Up,1,3.05625,
2,7,17,Incompatible,Dobbie,Debbie,Belly Up,0,2.55375,
2,8,18,Incompatible,Dobbie,Debbie,Tail Wave,1,1.511375,
2,9,19,Incompatible,Dobbie,Debbie,Belly Up,1,3.375125,
2,10,20,Incompatible,Dobbie,Debbie,Tail Wave,1,2.196875,
3,1,21,Incompatible,Dobbie,Debbie,Tail Wave,1,8.454875,Video is much slower than the others
3,2,22,Incompatible,Dobbie,Debbie,Belly Up,1,9.355375,
3,3,23,Incompatible,Dobbie,Debbie,Belly Up,1,12.967875,
3,4,24,Incompatible,Dobbie,Debbie,Tail Wave,1,8.3485,
3,5,25,Incompatible,Dobbie,Debbie,Tail Wave,1,7.988,
3,6,26,Incompatible,Dobbie,Debbie,Belly Up,1,5.805,
3,7,27,Incompatible,Dobbie,Debbie,Tail Wave,1,6.97775,
3,8,28,Incompatible,Dobbie,Debbie,Belly Up,1,13.051,
3,9,29,Incompatible,Dobbie,Debbie,Tail Wave,1,5.8255,
3,10,30,Incompatible,Dobbie,Debbie,Belly Up,1,3.46975,
4,1,31,Incompatible,Dobbie,Debbie,Belly Up,1,3.29,
4,2,32,Incompatible,Dobbie,Debbie,Belly Up,1,3.244875,
4,3,33,Incompatible,Dobbie,Debbie,Tail Wave,1,2.247375,
4,4,34,Incompatible,Dobbie,Debbie,Tail Wave,1,1.722125,
4,5,35,Incompatible,Dobbie,Debbie,Belly Up,1,3.506875,
4,6,36,Incompatible,Dobbie,Debbie,Belly Up,1,3.300125,
4,7,37,Incompatible,Dobbie,Debbie,Tail Wave,1,1.947,
4,8,38,Incompatible,Dobbie,Debbie,Belly Up,1,3.703625,
4,9,39,Incompatible,Dobbie,Debbie,Tail Wave,1,3.0495,
4,10,40,Incompatible,Dobbie,Debbie,Tail Wave,1,1.663375,
1,1,1,Incompatible,Ivo,Dobbie,Spin,1,0.922875,Video speed is alot faster than the other videos 
1,2,2,Incompatible,Ivo,Dobbie,Splash,1,1.50275,
1,3,3,Incompatible,Ivo,Dobbie,Spin,1,0.318125,
1,4,4,Incompatible,Ivo,Dobbie,Splash,1,1.363625,
1,5,5,Incompatible,Ivo,Dobbie,Spin,1,0.3435,
1,6,6,Incompatible,Ivo,Dobbie,Splash,1,1.066625,
1,7,7,Incompatible,Ivo,Dobbie,Splash,1,0.957375,
1,8,8,Incompatible,Ivo,Dobbie,Spin,1,0.32075,
1,9,9,Incompatible,Ivo,Dobbie,Spin,1,0.377125,
1,10,10,Incompatible,Ivo,Dobbie,Splash,1,1.136625,
2,1,11,Incompatible,Ivo,Dobbie,Spin,1,0.31075,
2,2,12,Incompatible,Ivo,Dobbie,Spin,1,0.323,
2,3,13,Incompatible,Ivo,Dobbie,Splash,1,1.0755,
2,4,14,Incompatible,Ivo,Dobbie,Spin,1,0.405125,
2,5,15,Incompatible,Ivo,Dobbie,Splash,1,0.903,
2,6,16,Incompatible,Ivo,Dobbie,Spin,1,0.350750000000001,
2,7,17,Incompatible,Ivo,Dobbie,Splash,1,0.807,
2,8,18,Incompatible,Ivo,Dobbie,Spin,1,0.323375,
2,9,19,Incompatible,Ivo,Dobbie,Splash,1,1.733875, 
2,10,20,Incompatible,Ivo,Dobbie,Splash,1,1.832875,
3,1,21,Incompatible,Ivo,Dobbie,Splash,1,1.8645,
3,2,22,Incompatible,Ivo,Dobbie,Spin,1,0.762125,
3,3,23,Incompatible,Ivo,Dobbie,Spin,1,0.687875,
3,4,24,Incompatible,Ivo,Dobbie,Splash,1,2.477125,
3,5,25,Incompatible,Ivo,Dobbie,Splash,1,1.680375,
3,6,26,Incompatible,Ivo,Dobbie,Spin,1,0.72775,
3,7,27,Incompatible,Ivo,Dobbie,Splash,1,1.753625,
3,8,28,Incompatible,Ivo,Dobbie,Spin,1,0.69325,
3,9,29,Incompatible,Ivo,Dobbie,Splash,1,1.690375,
3,10,30,Incompatible,Ivo,Dobbie,Spin,1,0.7985,
4,1,31,Incompatible,Ivo,Dobbie,Spin,1,0.611875,
4,2,32,Incompatible,Ivo,Dobbie,Spin,1,0.59225,
4,3,33,Incompatible,Ivo,Dobbie,Splash,0,0.41525,
4,4,34,Incompatible,Ivo,Dobbie,Splash,1,1.641,
4,5,35,Incompatible,Ivo,Dobbie,Spin,1,0.785875,
4,6,36,Incompatible,Ivo,Dobbie,Spin,1,0.614375,
4,7,37,Incompatible,Ivo,Dobbie,Splash,1,1.811625,
4,8,38,Incompatible,Ivo,Dobbie,Spin,1,0.665625,
4,9,39,Incompatible,Ivo,Dobbie,Splash,1,1.703,
4,10,40,Incompatible,Ivo,Dobbie,Splash,1,1.983125,
5,1,41,Incompatible,Ivo,Dobbie,Spin,1,0,
5,2,42,Incompatible,Ivo,Dobbie,Spin,1,0,
5,3,43,Incompatible,Ivo,Dobbie,Splash,0,0,
5,4,44,Incompatible,Ivo,Dobbie,Splash,1,0,
5,5,45,Incompatible,Ivo,Dobbie,Spin,1,0,
5,6,46,Incompatible,Ivo,Dobbie,Spin,1,0,
5,7,47,Incompatible,Ivo,Dobbie,Splash,1,0,
5,8,48,Incompatible,Ivo,Dobbie,Spin,1,0,
5,9,49,Incompatible,Ivo,Dobbie,Splash,1,0,
5,10,50,Incompatible,Ivo,Dobbie,Splash,1,0,
1,1,1,Incompatible,Ivo,Delphi,Tail Wave,0,1.474625,Action begun before signal
1,2,2,Incompatible,Ivo,Delphi,Belly Up,0,0.837625,
1,3,3,Incompatible,Ivo,Delphi,Belly Up,1,2.341,
1,4,4,Incompatible,Ivo,Delphi,Tail Wave,0,0,Action done without signal
1,5,5,Incompatible,Ivo,Delphi,Belly Up,1,2.3975,
1,6,6,Incompatible,Ivo,Delphi,Tail Wave,1,1.757875,
1,7,7,Incompatible,Ivo,Delphi,Belly Up,1,2.35925,
1,8,8,Incompatible,Ivo,Delphi,Tail Wave,1,1.394125,Action begun before signal
1,9,9,Incompatible,Ivo,Delphi,Belly Up,1,1.944875,
1,10,10,Incompatible,Ivo,Delphi,Tail Wave,1,2.323625,
2,1,11,Incompatible,Ivo,Delphi,Tail Wave,1,2.198375,
2,2,12,Incompatible,Ivo,Delphi,Belly Up,1,2.454,
2,3,13,Incompatible,Ivo,Delphi,Belly Up,0,0.822375,
2,4,14,Incompatible,Ivo,Delphi,Tail Wave,1,2.17175,
2,5,15,Incompatible,Ivo,Delphi,Tail Wave,1,1.778375,
2,6,16,Incompatible,Ivo,Delphi,Belly Up,1,2.124125,
2,7,17,Incompatible,Ivo,Delphi,Belly Up,0,0.808625,
2,8,18,Incompatible,Ivo,Delphi,Tail Wave,1,2.275125,
2,9,19,Incompatible,Ivo,Delphi,Belly Up,1,2.0665,
2,10,20,Incompatible,Ivo,Delphi,Tail Wave,1,2.372,
3,1,21,Incompatible,Ivo,Delphi,Tail Wave,1,2.073625,
3,2,22,Incompatible,Ivo,Delphi,Belly Up,1,1.98025,
3,3,23,Incompatible,Ivo,Delphi,Belly Up,1,2.058875,
3,4,24,Incompatible,Ivo,Delphi,Tail Wave,1,1.60775,
3,5,25,Incompatible,Ivo,Delphi,Tail Wave,1,2.201875,
3,6,26,Incompatible,Ivo,Delphi,Belly Up,0,0,No action done
3,7,27,Incompatible,Ivo,Delphi,Tail Wave,1,1.90675,
3,8,28,Incompatible,Ivo,Delphi,Belly Up,1,2.13575,
3,9,29,Incompatible,Ivo,Delphi,Tail Wave,1,1.610625,
3,10,30,Incompatible,Ivo,Delphi,Belly Up,1,2.108375,
4,1,31,Incompatible,Ivo,Delphi,Belly Up,1,2.1535,"Starts specfic, then goes to Neutral "
4,2,32,Incompatible,Ivo,Delphi,Belly Up,1,2.459625,
4,3,33,Incompatible,Ivo,Delphi,Tail Wave,1,1.523375,
4,4,34,Incompatible,Ivo,Delphi,Tail Wave,1,1.842125,
4,5,35,Incompatible,Ivo,Delphi,Belly Up,1,2.322375,
4,6,36,Incompatible,Ivo,Delphi,Belly Up,1,5.992625,
4,7,37,Incompatible,Ivo,Delphi,Tail Wave,1,1.68925,
4,8,38,Incompatible,Ivo,Delphi,Belly Up,1,2.2155,
4,9,39,Incompatible,Ivo,Delphi,Tail Wave,1,2.54875,
4,10,40,Incompatible,Ivo,Delphi,Tail Wave,1,2.050875,
1,1,1,Incompatible,Pepina,Debbie,Spin,1,0.309,
1,2,2,Incompatible,Pepina,Debbie,Splash,1,2.18,
1,3,3,Incompatible,Pepina,Debbie,Splash,1,1.588,
1,4,4,Incompatible,Pepina,Debbie,Spin,1,1.077125,
1,5,5,Incompatible,Pepina,Debbie,Spin,1,0.511625,
1,6,6,Incompatible,Pepina,Debbie,Splash,0,0.77925,
1,7,7,Incompatible,Pepina,Debbie,Spin,1,0.643125,
1,8,8,Incompatible,Pepina,Debbie,Splash,1,2.022,
1,9,9,Incompatible,Pepina,Debbie,Spin,1,0.4885,
1,10,10,Incompatible,Pepina,Debbie,Splash,1,1.836875,
2,1,11,Incompatible,Pepina,Debbie,Splash,1,2.04825,
2,2,12,Incompatible,Pepina,Debbie,Spin,1,-2.87925,
2,3,13,Incompatible,Pepina,Debbie,Spin,0,1.713625,
2,4,14,Incompatible,Pepina,Debbie,Splash,1,1.542875,
2,5,15,Incompatible,Pepina,Debbie,Spin,1,0.46375,
2,6,16,Incompatible,Pepina,Debbie,Splash,1,2.565625,
2,7,17,Incompatible,Pepina,Debbie,Spin,1,0.585125,
2,8,18,Incompatible,Pepina,Debbie,Splash,1,1.478375,
2,9,19,Incompatible,Pepina,Debbie,Spin,1,0.542875,
2,10,20,Incompatible,Pepina,Debbie,Splash,1,1.57925,
3,1,21,Incompatible,Pepina,Debbie,Splash,1,0,
3,2,22,Incompatible,Pepina,Debbie,Spin,1,0,
3,3,23,Incompatible,Pepina,Debbie,Spin,0,0,
3,4,24,Incompatible,Pepina,Debbie,Spin,1,0,
3,5,25,Incompatible,Pepina,Debbie,Splash,1,0,
3,6,26,Incompatible,Pepina,Debbie,Spin,1,0,
3,7,27,Incompatible,Pepina,Debbie,Spin,1,0,
3,8,28,Incompatible,Pepina,Debbie,Splash,1,0,
3,9,29,Incompatible,Pepina,Debbie,Spin,1,0,
3,10,30,Incompatible,Pepina,Debbie,Splash,1,0,
4,1,31,Incompatible,Pepina,Debbie,Splash,1,2.205625,
4,2,32,Incompatible,Pepina,Debbie,Spin,1,0.518875,
4,3,33,Incompatible,Pepina,Debbie,Spin,1,0.420875000000001,
4,4,34,Incompatible,Pepina,Debbie,Splash,1,2.27625,
4,5,35,Incompatible,Pepina,Debbie,Splash,1,2.157375,
4,6,36,Incompatible,Pepina,Debbie,Spin,1,0.400375,
4,7,37,Incompatible,Pepina,Debbie,Splash,1,1.65175,
4,8,38,Incompatible,Pepina,Debbie,Spin,1,0.433625,
4,9,39,Incompatible,Pepina,Debbie,Splash,1,1.548125,
4,10,40,Incompatible,Pepina,Debbie,Spin,1,0.345,
5,1,41,Incompatible,Pepina,Debbie,Spin,1,0.648375,
5,2,42,Incompatible,Pepina,Debbie,Spin,1,0.44525,
5,3,43,Incompatible,Pepina,Debbie,Splash,1,2.105,
5,4,44,Incompatible,Pepina,Debbie,Splash,1,2.230625,
5,5,45,Incompatible,Pepina,Debbie,Spin,1,0.395875,
5,6,46,Incompatible,Pepina,Debbie,Spin,1,0.379125,
5,7,47,Incompatible,Pepina,Debbie,Splash,1,2.3125,
5,8,48,Incompatible,Pepina,Debbie,Spin,1,0.39825,
5,9,49,Incompatible,Pepina,Debbie,Splash,1,2.36025,
5,10,50,Incompatible,Pepina,Debbie,Splash,1,-5.3265,
1,1,1,Incompatible,Pepina,Daisy,Tail Wave,1,1.872,
1,2,2,Incompatible,Pepina,Daisy ,Belly Up,0,1.94625,
1,3,3,Incompatible,Pepina,Daisy,Belly Up,0,1.894875,
1,4,4,Incompatible,Pepina,Daisy ,Tail Wave,0,2.486875,
1,5,5,Incompatible,Pepina,Daisy,Belly Up,1,2.236875,
1,6,6,Incompatible,Pepina,Daisy ,Tail Wave,0,2.86475,
1,7,7,Incompatible,Pepina,Daisy,Belly Up,1,3.4465,
1,8,8,Incompatible,Pepina,Daisy ,Tail Wave,0,2.33075,
1,9,9,Incompatible,Pepina,Daisy,Belly Up,1,3.16875,
1,10,10,Incompatible,Pepina,Daisy ,Tail Wave,0,0,No command given
2,1,11,Incompatible,Pepina,Daisy,Tail Wave,0,3.245,Command given twice
2,2,12,Incompatible,Pepina,Daisy,Belly Up,0,2.624,
2,3,13,Incompatible,Pepina,Daisy,Belly Up,0,2.654625,
2,4,14,Incompatible,Pepina,Daisy,Tail Wave,0,4.5265,
2,5,15,Incompatible,Pepina,Daisy,Tail Wave,0,4.79925,
2,6,16,Incompatible,Pepina,Daisy,Belly Up,1,3.656,
2,7,17,Incompatible,Pepina,Daisy,Belly Up,1,3.988875,
2,8,18,Incompatible,Pepina,Daisy,Belly Up,1,-4.415625,
2,9,19,Incompatible,Pepina,Daisy,Tail Wave,0,2.834375,
2,10,20,Incompatible,Pepina,Daisy,Belly Up,1,3.386875,
2,11,21,Incompatible,Pepina,Daisy,Tail Wave,0,3.25725,
3,1,22,Incompatible,Pepina,Daisy,Tail Wave,0,2.692375,
3,2,23,Incompatible,Pepina,Daisy,Belly Up,0,4.55725,
3,3,24,Incompatible,Pepina,Daisy,Belly Up,1,2.702625,
3,4,25,Incompatible,Pepina,Daisy,Tail Wave,0,2.651875,
3,5,26,Incompatible,Pepina,Daisy,Tail Wave,0,3.461,
3,6,27,Incompatible,Pepina,Daisy,Belly Up,1,3.18325,
3,7,28,Incompatible,Pepina,Daisy,Tail Wave,0,3.051125,
3,8,29,Incompatible,Pepina,Daisy,Belly Up,1,2.61275,
3,9,30,Incompatible,Pepina,Daisy,Tail Wave,0,3.2335,
3,10,31,Incompatible,Pepina,Daisy,Belly Up,1,3.16075,
4,1,32,Incompatible,Pepina,Daisy,Belly Up,1,3.688875,
4,2,33,Incompatible,Pepina,Daisy,Belly Up,1,3.66875,
4,3,34,Incompatible,Pepina,Daisy,Tail Wave,0,3.257,
4,4,35,Incompatible,Pepina,Daisy,Tail Wave,0,0,No action done
4,5,36,Incompatible,Pepina,Daisy,Tail Wave,0,3.458625,
4,6,37,Incompatible,Pepina,Daisy,Belly Up,1,4.110375,
4,7,38,Incompatible,Pepina,Daisy,Belly Up,1,3.73775,
4,8,39,Incompatible,Pepina,Daisy,Tail Wave,0,2.9515,
4,9,40,Incompatible,Pepina,Daisy,Belly Up,1,3.55225,
4,10,41,Incompatible,Pepina,Daisy,Tail Wave,0,2.77825,
5,1,42,Incompatible,Pepina,Daisy,Belly Up,1,2.77175,
5,2,43,Incompatible,Pepina,Daisy,Belly Up,1,2.786375,
5,3,44,Incompatible,Pepina,Daisy,Tail Wave,0,2.718125,
5,4,45,Incompatible,Pepina,Daisy,Tail Wave,0,0,Action done without signal
5,5,46,Incompatible,Pepina,Daisy,Belly Up,0,0,Action done without signal
5,6,47,Incompatible,Pepina,Daisy,Belly Up,0,0,Action done without signal
5,7,48,Incompatible,Pepina,Daisy,Tail Wave,0,3.48225,
5,8,49,Incompatible,Pepina,Daisy,Belly Up,1,3.51375,
5,9,50,Incompatible,Pepina,Daisy,Tail Wave,0,3.494875,
5,10,51,Incompatible,Pepina,Daisy,Tail Wave,0,3.2435,
6,1,52,Incompatible,Pepina,Daisy,Belly Up,1,4.404,
6,2,53,Incompatible,Pepina,Daisy,Tail Wave,0,2.91675,
6,3,54,Incompatible,Pepina,Daisy,Tail Wave,0,3.337,
6,4,55,Incompatible,Pepina,Daisy,Belly Up,0,0.67675,
6,5,56,Incompatible,Pepina,Daisy,Tail Wave,0,3.854375,
6,6,57,Incompatible,Pepina,Daisy,Belly Up,1,3.924125,
6,7,58,Incompatible,Pepina,Daisy,Tail Wave,0,0,No command given
6,8,59,Incompatible,Pepina,Daisy,Belly Up,1,2.948,
6,9,60,Incompatible,Pepina,Daisy,Tail Wave,0,2.638625,
6,10,61,Incompatible,Pepina,Daisy,Belly Up,1,3.286625,
7,1,62,Incompatible,Pepina,Daisy,Tail Wave,0,0,No command given
7,2,63,Incompatible,Pepina,Daisy,Belly Up,1,3.307375,
7,3,64,Incompatible,Pepina,Daisy,Belly Up,1,3.278625,
7,4,65,Incompatible,Pepina,Daisy,Tail Wave,0,3.511625,
7,5,66,Incompatible,Pepina,Daisy,Belly Up,1,3.353,
7,6,67,Incompatible,Pepina,Daisy,Tail Wave,0,2.855625,
7,7,68,Incompatible,Pepina,Daisy,Belly Up,1,3.9,
7,8,69,Incompatible,Pepina,Daisy,Belly Up,1,2.897125,
7,9,70,Incompatible,Pepina,Daisy,Tail Wave,0,3.239875,
7,10,71,Incompatible,Pepina,Daisy,Tail Wave,0,3.270875,
8,1,72,Incompatible,Pepina,Daisy,Tail Wave,1,3.40125,
8,2,73,Incompatible,Pepina,Daisy,Belly Up,0,1.921125,
8,3,74,Incompatible,Pepina,Daisy,Tail Wave,1,1.537375,
8,4,75,Incompatible,Pepina,Daisy,Belly Up,0,2.027375,
8,5,76,Incompatible,Pepina,Daisy,Tail Wave,1,2.8915,
8,6,77,Incompatible,Pepina,Daisy,Belly Up,0,2.738875,
8,7,78,Incompatible,Pepina,Daisy,Tail Wave,1,2.131375,
8,8,79,Incompatible,Pepina,Daisy,Belly Up,1,3.35225,
8,9,80,Incompatible,Pepina,Daisy,Tail Wave,0,2.358125,
8,10,81,Incompatible,Pepina,Daisy,Tail Wave,0,2.943,
9,1,82,Incompatible,Pepina,Debbie,Tail Wave,1,1.954125,Discription board says neutral but it looks like specific
9,2,83,Incompatible,Pepina,Debbie,Belly Up,1,3.913375,
9,3,84,Incompatible,Pepina,Debbie,Tail Wave,0,4.236,
9,4,85,Incompatible,Pepina,Debbie,Belly Up,0,2.05575,
9,5,86,Incompatible,Pepina,Debbie,Belly Up,0,2.17925,
9,6,87,Incompatible,Pepina,Debbie,Tail Wave,0,4.6225,
9,7,88,Incompatible,Pepina,Debbie,Tail Wave,1,2.13075,
9,8,89,Incompatible,Pepina,Debbie,Belly Up,1,3.838625,
9,9,90,Incompatible,Pepina,Debbie,Tail Wave,0,3.689125,
9,10,91,Incompatible,Pepina,Debbie,Belly Up,0,0.78975,Action begun before signal
10,1,92,Incompatible,Pepina,Dobbie,Belly Up,0,2.8565,Discription board says compatible but it looks like incompatible
10,2,93,Incompatible,Pepina,Dobbie,Tail Wave,0,3.627875,
10,3,94,Incompatible,Pepina,Dobbie,Belly Up,1,4.0755,
10,4,95,Incompatible,Pepina,Dobbie,Tail Wave,0,2.750375,
10,5,96,Incompatible,Pepina,Dobbie,Belly Up,1,3.489,
10,6,97,Incompatible,Pepina,Dobbie,Tail Wave,1,3.37675,
10,7,98,Incompatible,Pepina,Dobbie,Belly Up,1,3.032125,
10,8,99,Incompatible,Pepina,Dobbie,Tail Wave,1,2.109375,
10,9,100,Incompatible,Pepina,Dobbie,Belly Up,1,4.254875,
10,10,101,Incompatible,Pepina,Dobbie,Tail Wave,0,4.371125,
11,1,102,Incompatible,Pepina,Dobbie,Tail Wave,0,3.87525,
11,2,103,Incompatible,Pepina,Dobbie,Belly Up,1,3.854125,
11,3,104,Incompatible,Pepina,Dobbie,Tail Wave,0,4.82625,
11,4,105,Incompatible,Pepina,Dobbie,Belly Up,1,4.3095,
11,5,106,Incompatible,Pepina,Dobbie,Belly Up,1,4.83,
11,6,107,Incompatible,Pepina,Dobbie,Tail Wave,0,4.3695,
11,7,108,Incompatible,Pepina,Dobbie,Belly Up,1,3.492125,
11,8,109,Incompatible,Pepina,Dobbie,Tail Wave,0,4.14725,
11,9,110,Incompatible,Pepina,Dobbie,Belly Up,1,2.871,
11,10,111,Incompatible,Pepina,Dobbie,Tail Wave,0,3.998625,
1,1,1,Compatible,Debbie,Daisy,Belly Up,0,?,"Note that the whiteboard is shown at the end, demonstrator & observer not written down but spoken to camera - Action perfromed without signal"
1,2,2,Compatible,Debbie,Daisy,Tail Wave,1,3.86,
1,3,3,Compatible,Debbie,Daisy,Belly Up,1,1.522,
1,4,4,Compatible,Debbie,Daisy,Tail Wave,1,3.606,signal repeated
1,5,5,Compatible,Debbie,Daisy,Belly Up,0,3.47,
1,6,6,Compatible,Debbie,Daisy,Tail Wave,1,3.297,signal repeated
1,7,7,Compatible,Debbie,Daisy,Tail Wave,1,3.411,
1,8,8,Compatible,Debbie,Daisy,Belly Up,1,1.151,
1,9,9,Compatible,Debbie,Daisy,Tail Wave,1,3.448,
1,10,10,Compatible,Debbie,Daisy,Belly Up,0,3.427,
2,1,11,Compatible,Debbie,Pepina,Tail Wave,1,0,"wrong cue, so trial repeated - responds without waiting for cue"
2,2,12,Compatible,Debbie,Pepina,Belly Up,0,2.313,both wrong - Action begun before signal 
2,3,13,Compatible,Debbie,Pepina,Belly Up,1,1.052,
2,4,14,Compatible,Debbie,Pepina,Tail Wave,1,0,Action performed without a cue
2,5,15,Compatible,Debbie,Pepina,Belly Up,1,1.152,
2,6,16,Compatible,Debbie,Pepina,Tail Wave,1,3.444,
2,7,17,Compatible,Debbie,Pepina,Belly Up,1,1.382,
2,8,18,Compatible,Debbie,Pepina,Belly Up,1,1.661,
2,9,19,Compatible,Debbie,Pepina,Tail Wave,1,3.38,
2,10,20,Compatible,Debbie,Pepina,Tail Wave,1,2.886,
3,1,21,Compatible,Debbie,Pepina,Belly Up,1,1.22,"Note that during this session, the demonstrator was often incorrect."
3,2,22,Compatible,Debbie,Pepina,Tail Wave,1,3.289,
3,3,23,Compatible,Debbie,Pepina,Belly Up,1,0.996,
3,4,24,Compatible,Debbie,Pepina,Belly Up,1,1.296,
3,5,25,Compatible,Debbie,Pepina,Tail Wave,1,3.025,
3,6,26,Compatible,Debbie,Pepina,Tail Wave,1,2.66,cue repeated cause demonstrator wrong
3,7,27,Compatible,Debbie,Pepina,Belly Up,1,1.331,
3,8,28,Compatible,Debbie,Pepina,Tail Wave,1,3.115,
3,9,29,Compatible,Debbie,Pepina,Belly Up,1,1.513,
3,10,30,Compatible,Debbie,Pepina,Tail Wave,1,3.374,
4,1,31,Compatible,Debbie,Pepina,Tail Wave,1,2.991,"repeated, cause Roland forgot to say 'jetzt' ('now')"
4,2,32,Compatible,Debbie,Pepina,Belly Up,1,1.528,
4,3,33,Compatible,Debbie,Pepina,Belly Up,1,1.555,
4,4,34,Compatible,Debbie,Pepina,Tail Wave,1,3.321,
4,5,35,Compatible,Debbie,Pepina,Belly Up,1,1.532,"repeated, cause Roland forgot to say 'jetzt'"
4,6,36,Compatible,Debbie,Pepina,Tail Wave,1,2.898,
4,7,37,Compatible,Debbie,Pepina,Belly Up,1,1.728,
4,8,38,Compatible,Debbie,Pepina,Tail Wave,1,3.115,
4,9,39,Compatible,Debbie,Pepina,Belly Up,1,1.264,
4,10,40,Compatible,Debbie,Pepina,Tail Wave,1,3.985,
1,1,1,Compatible,Daisy,Delphi,Belly Up,0,0,"did not note the demonstrator dolphin, hope Sara can tell through the video - Action performed without a cure - In Generelt Daisy does Tail wave very different compared to the other dolphins."
1,2,2,Compatible,Daisy,Delphi,Tail Wave,1,0,"repeated, responded without cue"
1,3,3,Compatible,Daisy,Delphi,Belly Up,1,3.497,
1,4,4,Compatible,Daisy,Delphi,Tail Wave,1,0,Action performed without a cue
1,5,5,Compatible,Daisy,Delphi,Belly Up,1,3.26,
1,6,6,Compatible,Daisy,Delphi,Tail Wave,1,5.168,"Diffucult to pinpoint the ""completion"" of the action"
1,7,7,Compatible,Daisy,Delphi,Tail Wave,1,4.913,
1,8,8,Compatible,Daisy,Delphi,Belly Up,1,4.112,
1,9,9,Compatible,Daisy,Delphi,Tail Wave,1,3.786,
1,10,10,Compatible,Daisy,Delphi,Belly Up,1,4.686,
2,1,11,Compatible,Daisy,Delphi,Tail Wave,1,0,Action performed without cue
2,2,12,Compatible,Daisy,Delphi,Belly Up,1,2.702,
2,3,13,Compatible,Daisy,Delphi,Belly Up,0,4.575,
2,4,14,Compatible,Daisy,Delphi,Tail Wave,1,3.996,Action begun before a cue 
2,5,15,Compatible,Daisy,Delphi,Belly Up,1,2.249,
2,6,16,Compatible,Daisy,Delphi,Tail Wave,1,4.325,
2,7,17,Compatible,Daisy,Delphi,Belly Up,1,2.5,
2,8,18,Compatible,Daisy,Delphi,Belly Up,1,2.776,
2,9,19,Compatible,Daisy,Delphi,Tail Wave,1,3.954,
2,10,20,Compatible,Daisy,Delphi,Tail Wave,1,3.757,
3,1,21,Compatible,Daisy,Delphi,Belly Up,1,2.131,
3,2,22,Compatible,Daisy,Delphi,Tail Wave,1,4.531,
3,3,23,Compatible,Daisy,Delphi,Belly Up,1,0,Action performed without a cue
3,4,24,Compatible,Daisy,Delphi,Belly Up,1,3.406,
3,5,25,Compatible,Daisy,Delphi,Tail Wave,0,1.189,Action begun before cue
3,6,26,Compatible,Daisy,Delphi,Tail Wave,1,3.683,
3,7,27,Compatible,Daisy,Delphi,Belly Up,0,0,Action performed without a cue
3,8,28,Compatible,Daisy,Delphi,Tail Wave,1,3.545,
3,9,29,Compatible,Daisy,Delphi,Belly Up,0,4.214,
3,10,30,Compatible,Daisy,Delphi,Tail Wave,1,3.825,
4,1,31,Compatible,Daisy,Delphi,Tail Wave,1,6.568,This session was recorded in timelapse then slowed down. low frame rate makes it diffucult to messure latency
4,2,32,Compatible,Daisy,Delphi,Belly Up,1,3.888,
4,3,33,Compatible,Daisy,Delphi,Tail Wave,1,4.659,
4,4,34,Compatible,Daisy,Delphi,Belly Up,1,4.093,
4,5,35,Compatible,Daisy,Delphi,Tail Wave,1,5.31,
4,6,36,Compatible,Daisy,Delphi,Belly Up,1,4.486,
4,7,37,Compatible,Daisy,Delphi,Tail Wave,1,7.098,
4,8,38,Compatible,Daisy,Delphi,Belly Up,1,2.313,Action begun before a cue 
4,9,39,Compatible,Daisy,Delphi,Tail Wave,1,6.713,
4,10,40,Compatible,Daisy,Delphi,Belly Up,1,4.525,Action begun before cue
1,1,1,Compatible,Daisy,Pepina,Splash,1,1.15,
1,2,2,Compatible,Daisy,Pepina,Spin,1,1.824,
1,3,3,Compatible,Daisy,Pepina,Splash,1,0.805,
1,4,4,Compatible,Daisy,Pepina,Spin,1,1.788,
1,5,5,Compatible,Daisy,Pepina,Splash,1,0.198,Action begun before a cue 
1,6,6,Compatible,Daisy,Pepina,Spin,1,1.409,
1,7,7,Compatible,Daisy,Pepina,Spin,1,1.973,
1,8,8,Compatible,Daisy,Pepina,Splash,1,0.593,
1,9,9,Compatible,Daisy,Pepina,Spin,1,1.71,"Pepina did it wrong, Daisy correct"
1,10,10,Compatible,Daisy,Pepina,Splash,1,0.356,Action begun before a cue 
2,1,11,Compatible,Daisy,Pepina,Spin,1,2.174,
2,2,12,Compatible,Daisy,Pepina,Splash,1,0.673,"repeated, cause Daisy did not wait for cue"
2,3,13,Compatible,Daisy,Pepina,Splash,1,0.589,
2,4,14,Compatible,Daisy,Pepina,Spin,1,2.102,
2,5,15,Compatible,Daisy,Pepina,Splash,1,0.43,Action begun before a cue 
2,6,16,Compatible,Daisy,Pepina,Spin,1,2.209,
2,7,17,Compatible,Daisy,Pepina,Splash,1,0.401,
2,8,18,Compatible,Daisy,Pepina,Splash,1,1.259,"repeated, as Daisy did not wait for cue "
2,9,19,Compatible,Daisy,Pepina,Spin,1,1.657,"repeated, as Daisy did another behavior between both trials"
2,10,20,Compatible,Daisy,Pepina,Spin,1,1.887,
3,1,21,Compatible,Daisy,Pepina,Splash,1,0,Action performed without a cue
3,2,22,Compatible,Daisy,Pepina,Spin,0,1.42,
3,3,23,Compatible,Daisy,Pepina,Splash,1,0,Action performed without a cue
3,4,24,Compatible,Daisy,Pepina,Splash,1,0,"repeated, responded without waiting for the cue. Both times action performed without a cue"
3,5,25,Compatible,Daisy,Pepina,Spin,1,2.238,
3,6,26,Compatible,Daisy,Pepina,Spin,1,1.701,
3,7,27,Compatible,Daisy,Pepina,Splash,1,0,Action performed without a cue
3,8,28,Compatible,Daisy,Pepina,Spin,1,1.362,Action begun before cue
3,9,29,Compatible,Daisy,Pepina,Spin,1,2.299,
3,10,30,Compatible,Daisy,Pepina,Splash,1,0,"repeated, responded without waiting for cue - Both times action performed without a cue"
4,1,31,Compatible,Daisy,Pepina,Spin,0,1.885,"In this session Daisy would either begin the splash before a ""complete"" signal or fully do the behavior without a cue. The cue would come after one or two splashes already had been completed. "
4,2,32,Compatible,Daisy,Pepina,Splash,1,0.441,
4,3,33,Compatible,Daisy,Pepina,Splash,1,0,Action performed without a cue
4,4,34,Compatible,Daisy,Pepina,Spin,1,1.501,
4,5,35,Compatible,Daisy,Pepina,Splash,1,0,Action performed without a cue
4,6,36,Compatible,Daisy,Pepina,Spin,1,1.728,
4,7,37,Compatible,Daisy,Pepina,Splash,1,0.327,trials switched with each other (7&8) - Action begun before cue
4,8,38,Compatible,Daisy,Pepina,Spin,1,1.449,trials switched with each other (7&8)
4,9,39,Compatible,Daisy,Pepina,Splash,1,0,
4,10,40,Compatible,Daisy,Pepina,Spin,1,1.534,
