Date,Session,Trial_S,Trial,Group,Individual,Behaviour,Response,Latency,Comments
16/04/2024,1,1,1,Compatible,Debbie,Splash,1,1.53225,Description board says incompatible but it looks like it should be compatible 
16/04/2024,1,2,2,Compatible,Debbie,Spin,0,2.12275,
16/04/2024,1,3,3,Compatible,Debbie,Splash,1,1.5285,
16/04/2024,1,4,4,Compatible,Debbie,Spin,0,,No action performed
16/04/2024,1,5,5,Compatible,Debbie,Splash,1,0.951625,
16/04/2024,1,6,6,Compatible,Debbie,Spin,0,,No action performed
16/04/2024,1,7,7,Compatible,Debbie,Spin,0,,No action performed
16/04/2024,1,8,8,Compatible,Debbie,Splash,1,0.927875,
16/04/2024,1,9,9,Compatible,Debbie,Spin,0,0.66625,
16/04/2024,1,10,10,Compatible,Debbie,Splash,1,0.862375,
16/04/2024,2,11,11,Compatible,Debbie,Spin,0,0.39175,
16/04/2024,2,12,12,Compatible,Debbie,Splash,1,0.54025,
16/04/2024,2,13,13,Compatible,Debbie,Splash,1,0.524125,
16/04/2024,2,14,14,Compatible,Debbie,Spin,0,0.657875,
16/04/2024,2,15,15,Compatible,Debbie,Splash,1,0.374625,Action begun before signal
16/04/2024,2,16,16,Compatible,Debbie,Spin,0,0.723249999999999,
16/04/2024,2,17,17,Compatible,Debbie,Splash,1,0.22225,Action begun before signal
16/04/2024,2,18,18,Compatible,Debbie,Splash,1,0.866125,
16/04/2024,2,19,19,Compatible,Debbie,Spin,0,0.503375,
16/04/2024,2,20,20,Compatible,Debbie,Spin,0,0.912625,
17/04/2024,3,1,21,Compatible,Debbie,Spin,0,0.713125,
17/04/2024,3,2,22,Compatible,Debbie,Spin,0,0.76,
17/04/2024,3,3,23,Compatible,Debbie,Splash,1,1.45475,
17/04/2024,3,4,24,Compatible,Debbie,Splash,1,0.685625,
17/04/2024,3,5,25,Compatible,Debbie,Spin,0,0.556375,Action begun before signal
17/04/2024,3,6,26,Compatible,Debbie,Spin,0,0.65275,Action begun before signal
17/04/2024,3,7,27,Compatible,Debbie,Splash,1,0.615125,Action begun before signal
17/04/2024,3,8,28,Compatible,Debbie,Spin,0,0.806375,
17/04/2024,3,9,29,Compatible,Debbie,Splash,1,0.8115,
17/04/2024,3,10,30,Compatible,Debbie,Splash,1,0.611875,Action begun before signal
17/04/2024,4,11,31,Compatible,Debbie,Spin,0,0.48475,Action begun before signal
17/04/2024,4,12,32,Compatible,Debbie,Splash,1,0.60125,
17/04/2024,4,13,33,Compatible,Debbie,Splash,1,0.6785,
17/04/2024,4,14,34,Compatible,Debbie,Spin,0,0.61575,
17/04/2024,4,15,35,Compatible,Debbie,Splash,1,0.496875,Action begun before signal
17/04/2024,4,16,36,Compatible,Debbie,Spin,0,0.85975,
17/04/2024,4,17,37,Compatible,Debbie,Splash,1,1.0145,
17/04/2024,4,18,38,Compatible,Debbie,Spin,0,0.7125,
17/04/2024,4,19,39,Compatible,Debbie,Splash,1,0.46,
17/04/2024,4,20,40,Compatible,Debbie,Spin,0,1.293375,
17/04/2024,5,1,41,Compatible,Debbie,Spin,0,1.065625,
17/04/2024,5,2,42,Compatible,Debbie,Splash,1,1.143,
17/04/2024,5,3,43,Compatible,Debbie,Spin,0,0.76725,
17/04/2024,5,4,44,Compatible,Debbie,Splash,1,0.816625,
17/04/2024,5,5,45,Compatible,Debbie,Spin,0,0.746625,
17/04/2024,5,6,46,Compatible,Debbie,Splash,1,1.216625,
17/04/2024,5,7,47,Compatible,Debbie,Spin,0,0.603875,
17/04/2024,5,8,48,Compatible,Debbie,Splash,1,1.3125,
17/04/2024,5,9,49,Compatible,Debbie,Spin,0,1.37375,
17/04/2024,5,10,50,Compatible,Debbie,Splash,1,1.236375,
17/04/2024,6,11,51,Compatible,Debbie,Splash,1,2.12,
17/04/2024,6,12,52,Compatible,Debbie,Spin,0,1.43875,
17/04/2024,6,13,53,Compatible,Debbie,Splash,1,2.744125,
17/04/2024,6,14,54,Compatible,Debbie,Spin,0,0.926,
17/04/2024,6,15,55,Compatible,Debbie,Spin,0,0.78175,
17/04/2024,6,16,56,Compatible,Debbie,Splash,1,1.60675,
17/04/2024,6,17,57,Compatible,Debbie,Spin,0,1.267,
17/04/2024,6,18,58,Compatible,Debbie,Splash,1,0.606375,Action begun before signal
17/04/2024,6,19,59,Compatible,Debbie,Spin,0,1.736,
17/04/2024,6,20,60,Compatible,Debbie,Splash,1,0.65425,
18/04/2024,7,1,61,Compatible,Debbie,Spin,0,1.424625,
18/04/2024,7,2,62,Compatible,Debbie,Splash,1,1.278125,
18/04/2024,7,3,63,Compatible,Debbie,Spin,0,2.287125,
18/04/2024,7,4,64,Compatible,Debbie,Splash,1,1.418625,
18/04/2024,7,5,65,Compatible,Debbie,Splash,1,-5.583,
18/04/2024,7,6,66,Compatible,Debbie,Spin,0,1.49875,
18/04/2024,7,7,67,Compatible,Debbie,Spin,0,1.232625,
18/04/2024,7,8,68,Compatible,Debbie,Splash,1,1.528125,
18/04/2024,7,9,69,Compatible,Debbie,Spin,0,1.808875,
18/04/2024,7,10,70,Compatible,Debbie,Splash,1,1.928625,
18/04/2024,8,1,71,Compatible,Debbie,Splash,1,0,Not slow motion at this point
18/04/2024,8,2,72,Compatible,Debbie,Spin,0,2.056875,
18/04/2024,8,3,73,Compatible,Debbie,Splash,1,1.48375,
18/04/2024,8,4,74,Compatible,Debbie,Spin,0,3.728625,
18/04/2024,8,5,75,Compatible,Debbie,Splash,1,1.269375,
18/04/2024,8,6,76,Compatible,Debbie,Spin,0,1.733125,
18/04/2024,8,7,77,Compatible,Debbie,Splash,1,1.09625,
18/04/2024,8,8,78,Compatible,Debbie,Spin,0,1.716125,
18/04/2024,8,9,79,Compatible,Debbie,Splash,1,0.942625,
18/04/2024,8,10,80,Compatible,Debbie,Spin,0,1.4615,
18/04/2024,9,11,81,Compatible,Debbie,Spin,0,1.1065,
18/04/2024,9,12,82,Compatible,Debbie,Splash,1,1.35625,
18/04/2024,9,13,83,Compatible,Debbie,Spin,0,5.095875,
18/04/2024,9,14,84,Compatible,Debbie,Splash,1,0.43375,Action begun before signal
18/04/2024,9,15,85,Compatible,Debbie,Splash,1,0.86475,
18/04/2024,9,16,86,Compatible,Debbie,Spin,0,1.155125,
18/04/2024,9,17,87,Compatible,Debbie,Splash,1,0.70225,
18/04/2024,9,18,88,Compatible,Debbie,Spin,0,1.13425,
18/04/2024,9,19,89,Compatible,Debbie,Splash,1,0.320625,Action begun before signal
18/04/2024,9,20,90,Compatible,Debbie,Spin,0,1.181875,
19/04/2024,10,1,91,Compatible,Debbie,Splash,1,1.684375,
19/04/2024,10,2,92,Compatible,Debbie,Spin,0,1.104375,
19/04/2024,10,3,93,Compatible,Debbie,Spin,0,1.38675,
19/04/2024,10,4,94,Compatible,Debbie,Splash,1,1.013625,
19/04/2024,10,5,95,Compatible,Debbie,Spin,0,0.63325,
19/04/2024,10,6,96,Compatible,Debbie,Splash,1,0.67325,
19/04/2024,10,8,97,Compatible,Debbie,Spin,0,1.973375,
19/04/2024,10,9,98,Compatible,Debbie,Spin,0,1.088,
19/04/2024,10,10,99,Compatible,Debbie,Splash,1,1.10225,
19/04/2024,10,11,100,Compatible,Debbie,Splash,1,0.79,
19/04/2024,11,1,101,Compatible,Debbie,Splash,1,1.230625,
19/04/2024,11,2,102,Compatible,Debbie,Spin,0,1.11075,
19/04/2024,11,3,103,Compatible,Debbie,Splash,1,0.39225,Action begun before signal
19/04/2024,11,4,104,Compatible,Debbie,Spin,0,0.8475,
19/04/2024,11,5,105,Compatible,Debbie,Splash,1,0.659125,
19/04/2024,11,7,106,Compatible,Debbie,Spin,0,1.091625,
19/04/2024,11,8,107,Compatible,Debbie,Splash,1,1.167625,
19/04/2024,11,9,108,Compatible,Debbie,Spin,0,1.280375,
19/04/2024,11,10,109,Compatible,Debbie,Splash,1,0.867375,
19/04/2024,12,11,110,Compatible,Debbie,Splash,1,0.836374999999999,
19/04/2024,12,12,111,Compatible,Debbie,Splash,1,1.34275,
19/04/2024,12,13,112,Compatible,Debbie,Spin,0,1.203,
19/04/2024,12,14,113,Compatible,Debbie,Splash,1,0.84925,
19/04/2024,12,16,114,Compatible,Debbie,Spin,0,0.708875,
19/04/2024,12,17,115,Compatible,Debbie,Splash,1,0.80775,
19/04/2024,12,18,116,Compatible,Debbie,Splash,1,0.62475,
19/04/2024,12,19,117,Compatible,Debbie,Spin,0,0.618125,
19/04/2024,12,21,118,Compatible,Debbie,Spin,0,0.64575,
19/04/2024,12,22,119,Compatible,Debbie,Splash,1,0.688625,
19/04/2024,12,23,120,Compatible,Debbie,Spin,0,1.828125,
20/04/2024,13,1,121,Compatible,Debbie,Splash,1,0.73775,
20/04/2024,13,2,122,Compatible,Debbie,Spin,0,0.982875,
20/04/2024,13,3,123,Compatible,Debbie,Splash,1,0.575375,
20/04/2024,13,4,124,Compatible,Debbie,Spin,0,1.20375,
20/04/2024,13,6,125,Compatible,Debbie,Spin,0,4.37,
20/04/2024,13,7,126,Compatible,Debbie,Splash,1,0.72425,
20/04/2024,13,8,127,Compatible,Debbie,Splash,1,0.95275,
20/04/2024,13,9,128,Compatible,Debbie,Spin,0,1.00975,
20/04/2024,13,10,129,Compatible,Debbie,Splash,1,0.41875,Action begun before signal
20/04/2024,14,12,130,Compatible,Debbie,Spin,0,1.02925,
20/04/2024,14,13,131,Compatible,Debbie,Spin,0,0.564375,
20/04/2024,14,14,132,Compatible,Debbie,Splash,1,0.42025,
20/04/2024,14,15,133,Compatible,Debbie,Spin,0,0.961125,
20/04/2024,14,16,134,Compatible,Debbie,Splash,1,0.665375,
20/04/2024,14,17,135,Compatible,Debbie,Spin,0,0.6305,
20/04/2024,14,18,136,Compatible,Debbie,Splash,1,1.400875,
20/04/2024,14,19,137,Compatible,Debbie,Spin,0,0.647625,
20/04/2024,14,20,138,Compatible,Debbie,Splash,1,0.43025,
20/04/2024,14,21,139,Compatible,Debbie,Spin,1,5.431625,Both Splash and Spin was done 
20/04/2024,14,22,140,Compatible,Debbie,Splash,1,0.520499999999999,
18/04/2024,1,1,1,Compatible,Delphi,Spin,0,,No action performed
18/04/2024,1,2,2,Compatible,Delphi,Spin,0,,No action performed
18/04/2024,1,3,3,Compatible,Delphi,Splash,1,1.332125,
18/04/2024,1,4,4,Compatible,Delphi,Splash,1,0.83675,
18/04/2024,1,5,5,Compatible,Delphi,Spin,0,0.753,
18/04/2024,1,6,6,Compatible,Delphi,Spin,0,1.322375,
18/04/2024,1,7,7,Compatible,Delphi,Spin,0,1.15775,
18/04/2024,1,8,8,Compatible,Delphi,Splash,1,0.68525,
18/04/2024,1,9,9,Compatible,Delphi,Spin,0,0.93,
18/04/2024,1,10,10,Compatible,Delphi,Splash,1,0.3065,Action begun before signal
18/04/2024,1,11,11,Compatible,Delphi,Splash,1,0.726875,
18/04/2024,1,12,12,Compatible,Delphi,Spin,0,0.734125,
18/04/2024,2,1,13,Compatible,Delphi,Splash,1,0.82075,
18/04/2024,2,2,14,Compatible,Delphi,Spin,0,2.19225,
18/04/2024,2,3,15,Compatible,Delphi,Splash,1,0.658375,
18/04/2024,2,4,16,Compatible,Delphi,Spin,0,0.599,
18/04/2024,2,5,17,Compatible,Delphi,Splash,1,0.641875000000001,
18/04/2024,2,6,18,Compatible,Delphi,Spin,0,1.480875,
18/04/2024,2,7,19,Compatible,Delphi,Spin,0,0.898625,
18/04/2024,2,8,20,Compatible,Delphi,Splash,1,0.795375,
18/04/2024,2,9,21,Compatible,Delphi,Spin,0,0.905,
18/04/2024,2,10,22,Compatible,Delphi,Splash,1,3.4265,
18/04/2024,3,11,23,Compatible,Delphi,Spin,0,0.731999999999999,
18/04/2024,3,12,24,Compatible,Delphi,Splash,1,2.71725,
18/04/2024,3,13,25,Compatible,Delphi,Splash,1,0.655125,
18/04/2024,3,14,26,Compatible,Delphi,Spin,0,0.83975,
18/04/2024,3,15,27,Compatible,Delphi,Splash,1,1.5685,
18/04/2024,3,16,28,Compatible,Delphi,Spin,0,1.09725,
18/04/2024,3,17,29,Compatible,Delphi,Splash,1,1.348875,
18/04/2024,3,18,30,Compatible,Delphi,Splash,1,0.956375,
18/04/2024,3,19,31,Compatible,Delphi,Spin,0,0.88375,
18/04/2024,3,20,32,Compatible,Delphi,Spin,0,1.437125,
19/04/2024,4,1,33,Compatible,Delphi,Splash,1,0.7535,
19/04/2024,4,2,34,Compatible,Delphi,Spin,0,0.889625,
19/04/2024,4,3,35,Compatible,Delphi,Spin,0,0.8985,
19/04/2024,4,4,36,Compatible,Delphi,Splash,1,0.9505,
19/04/2024,4,5,37,Compatible,Delphi,Spin,0,0.949,
19/04/2024,4,6,38,Compatible,Delphi,Splash,1,0.295624999999999,Action begun before signal
19/04/2024,4,7,39,Compatible,Delphi,Spin,0,0.642875,
19/04/2024,4,8,40,Compatible,Delphi,Spin,0,0.754875,
19/04/2024,4,9,41,Compatible,Delphi,Splash,1,1.11975,
19/04/2024,4,10,42,Compatible,Delphi,Splash,1,0.873374999999999,
19/04/2024,5,11,43,Compatible,Delphi,Splash,1,0.95075,
19/04/2024,5,12,44,Compatible,Delphi,Spin,0,0.62,
19/04/2024,5,13,45,Compatible,Delphi,Splash,1,0.904875,
19/04/2024,5,14,46,Compatible,Delphi,Spin,0,0.891875,
19/04/2024,5,15,47,Compatible,Delphi,Splash,1,2.37175,
19/04/2024,5,16,48,Compatible,Delphi,Spin,0,2.077875,
19/04/2024,5,17,49,Compatible,Delphi,Splash,1,1.634875,
19/04/2024,5,18,50,Compatible,Delphi,Spin,0,,No action performed
19/04/2024,5,19,51,Compatible,Delphi,Splash,0,,No action performed
19/04/2024,5,20,52,Compatible,Delphi,Splash,1,2.697875,
19/04/2024,6,1,53,Compatible,Delphi,Splash,1,0.765750000000001,
19/04/2024,6,2,54,Compatible,Delphi,Spin,0,0.882499999999999,
19/04/2024,6,3,55,Compatible,Delphi,Splash,1,0.834750000000001,
19/04/2024,6,4,56,Compatible,Delphi,Spin,0,0.99325,
19/04/2024,6,5,57,Compatible,Delphi,Splash,1,0.701125,
19/04/2024,6,6,58,Compatible,Delphi,Splash,1,0.763249999999999,
19/04/2024,6,7,59,Compatible,Delphi,Spin,0,0.693375000000001,
19/04/2024,6,8,60,Compatible,Delphi,Spin,0,0.694625,
19/04/2024,6,9,61,Compatible,Delphi,Splash,1,1.090625,
19/04/2024,6,10,62,Compatible,Delphi,Spin,0,1.788375,
19/04/2024,7,11,63,Compatible,Delphi,Splash,1,1.8555,
19/04/2024,7,12,64,Compatible,Delphi,Spin,0,0.681125,
19/04/2024,7,13,65,Compatible,Delphi,Splash,1,2.803625,
19/04/2024,7,14,66,Compatible,Delphi,Spin,0,0.96225,
19/04/2024,7,15,67,Compatible,Delphi,Spin,1,5.71625,Both Splash and Spin was done 
19/04/2024,7,16,68,Compatible,Delphi,Splash,1,1.189875,
19/04/2024,7,17,69,Compatible,Delphi,Splash,1,0.918625000000001,
19/04/2024,7,18,70,Compatible,Delphi,Spin,0,0.97675,
19/04/2024,7,19,71,Compatible,Delphi,Splash,0,2.90425,
19/04/2024,7,20,72,Compatible,Delphi,Spin,1,1.874125,Action begun before signal
20/04/2024,8,1,73,Compatible,Delphi,Spin,0,2.23075,
20/04/2024,8,2,74,Compatible,Delphi,Splash,1,2.19075,
20/04/2024,8,3,75,Compatible,Delphi,Spin,0,0.904125,
20/04/2024,8,4,76,Compatible,Delphi,Splash,1,0.65325,
20/04/2024,8,5,77,Compatible,Delphi,Spin,0,0.888249999999999,
20/04/2024,8,6,78,Compatible,Delphi,Splash,1,0.552125,
20/04/2024,8,7,79,Compatible,Delphi,Spin,0,1.54825,
20/04/2024,8,8,80,Compatible,Delphi,Splash,1,1.08275,
20/04/2024,8,9,81,Compatible,Delphi,Spin,1,6.258875,Both Splash and Spin was done 
20/04/2024,8,10,82,Compatible,Delphi,Splash,1,0.917875,
20/04/2024,9,11,83,Compatible,Delphi,Splash,1,0.874625,
20/04/2024,9,12,84,Compatible,Delphi,Spin,1,0.664125000000001,
20/04/2024,9,13,85,Compatible,Delphi,Splash,1,0.93575,
20/04/2024,9,14,86,Compatible,Delphi,Spin,1,2.6875,
20/04/2024,9,15,87,Compatible,Delphi,Spin,1,3.902875,
20/04/2024,9,16,88,Compatible,Delphi,Splash,1,0.86675,
20/04/2024,9,17,89,Compatible,Delphi,Spin,1,4.411875,
20/04/2024,9,18,90,Compatible,Delphi,Splash,0,5.17475,
20/04/2024,9,19,91,Compatible,Delphi,Spin,0,0.490250000000001,
20/04/2024,9,20,92,Compatible,Delphi,Splash,0,2.164125,
20/04/2024,10,1,93,Compatible,Delphi,Splash,1,0.858,
20/04/2024,10,2,94,Compatible,Delphi,Spin,0,1.7375,
20/04/2024,10,3,95,Compatible,Delphi,Splash,1,0.555625,
20/04/2024,10,4,96,Compatible,Delphi,Spin,0,0.991375,
20/04/2024,10,5,97,Compatible,Delphi,Spin,1,3.498125,
20/04/2024,10,6,98,Compatible,Delphi,Splash,0,,No action performed
20/04/2024,10,7,99,Compatible,Delphi,Spin,1,5.050375,Both Splash and Spin was done 
20/04/2024,10,8,100,Compatible,Delphi,Spin,1,3.942375,Both Splash and Spin was done 
20/04/2024,10,9,101,Compatible,Delphi,Splash,0,3.57425,Both Splash and Spin was done 
20/04/2024,10,10,102,Compatible,Delphi,Splash,0,3.905,
20/04/2024,11,11,103,Compatible,Delphi,Spin,1,3.05625,
20/04/2024,11,12,104,Compatible,Delphi,Splash,1,0.673625,
20/04/2024,11,13,105,Compatible,Delphi,Spin,0,2.481875,
20/04/2024,11,14,106,Compatible,Delphi,Splash,1,0.58375,
20/04/2024,11,15,107,Compatible,Delphi,Spin,0,0.866125,
20/04/2024,11,16,108,Compatible,Delphi,Spin,0,0.808625,
20/04/2024,11,17,109,Compatible,Delphi,Splash,1,0.864625,
20/04/2024,11,18,110,Compatible,Delphi,Spin,1,3.47525,Both Splash and Spin was done 
20/04/2024,11,19,111,Compatible,Delphi,Splash,0,3.061875,Both Splash and Spin was done 
21/04/2024,12,1,112,Compatible,Delphi,Spin,0,0.800125,
21/04/2024,12,2,113,Compatible,Delphi,Splash,1,0.954625,
21/04/2024,12,3,114,Compatible,Delphi,Splash,1,0.966625,
21/04/2024,12,4,115,Compatible,Delphi,Spin,1,4.445125,Both Splash and Spin was done 
21/04/2024,12,5,116,Compatible,Delphi,Splash,0,3.168125,Both Splash and Spin was done 
21/04/2024,12,6,117,Compatible,Delphi,Spin,1,5.33075,Both Splash and Spin was done 
21/04/2024,12,7,118,Compatible,Delphi,Splash,0,4.6755,Both Splash and Spin was done 
21/04/2024,12,8,119,Compatible,Delphi,Splash,1,2.896125,
21/04/2024,12,9,120,Compatible,Delphi,Spin,1,3.96325,Both Splash and Spin was done 
21/04/2024,12,10,121,Compatible,Delphi,Spin,1,3.302375,Both Splash and Spin was done 
21/04/2024,13,1,122,Compatible,Delphi,Spin,0,0.533875,
21/04/2024,13,2,123,Compatible,Delphi,Splash,1,0.487749999999999,
21/04/2024,13,3,124,Compatible,Delphi,Spin,1,5.406375,Both Splash and Spin was done 
21/04/2024,13,4,125,Compatible,Delphi,Splash,1,0.628,
21/04/2024,13,5,126,Compatible,Delphi,Spin,0,0.721,
21/04/2024,13,6,127,Compatible,Delphi,Splash,0,2.8715,
21/04/2024,13,7,128,Compatible,Delphi,Spin,1,4.303625,
21/04/2024,13,8,129,Compatible,Delphi,Splash,1,1.1925,
21/04/2024,13,9,130,Compatible,Delphi,Spin,1,3.599625,Both Splash and Spin was done 
21/04/2024,13,10,131,Compatible,Delphi,Spin,1,3.55,
21/04/2024,14,1,132,Compatible,Delphi,Spin,0,0.527,
21/04/2024,14,2,133,Compatible,Delphi,Splash,1,0.674875,
21/04/2024,14,3,134,Compatible,Delphi,Spin,0,0.718375,
21/04/2024,14,4,135,Compatible,Delphi,Splash,0,3.274,
21/04/2024,14,5,136,Compatible,Delphi,Spin,1,2.579625,
21/04/2024,14,6,137,Compatible,Delphi,Spin,1,3.51325,Both Splash and Spin was done 
21/04/2024,14,7,138,Compatible,Delphi,Splash,0,3.53375,Both Splash and Spin was done 
21/04/2024,14,8,139,Compatible,Delphi,Splash,1,0.58775,
21/04/2024,14,9,140,Compatible,Delphi,Spin,0,2.846125,Both Splash and Spin was done 
21/04/2024,14,10,141,Compatible,Delphi,Splash,0,3.715875,Both Splash and Spin was done 
04/05/2024,1,1,1,Compatible,Delphi,Tail Wave,1,4.42425,Description board says incompatible but it looks like it should be compatible 
04/05/2024,1,2,2,Compatible,Delphi,Belly Up,1,2.988875,
04/05/2024,1,3,3,Compatible,Delphi,Tail Wave,1,1.50375,Action begun before signal
04/05/2024,1,4,4,Compatible,Delphi,Belly Up,1,3.465625,
04/05/2024,1,5,5,Compatible,Delphi,Tail Wave,0,3.179875,
04/05/2024,1,6,6,Compatible,Delphi,Belly Up,1,2.655625,
04/05/2024,1,7,7,Compatible,Delphi,Belly Up,1,2.366,
04/05/2024,1,8,8,Compatible,Delphi,Tail Wave,1,-2.77325,
04/05/2024,1,9,9,Compatible,Delphi,Belly Up,1,3.416875,
04/05/2024,1,10,10,Compatible,Delphi,Tail Wave,0,2.680125,
04/05/2024,2,11,11,Compatible,Delphi,Belly Up,1,2.700625,
04/05/2024,2,12,12,Compatible,Delphi,Tail Wave,1,3.65375,
04/05/2024,2,13,13,Compatible,Delphi,Tail Wave,1,3.935875,
04/05/2024,2,14,14,Compatible,Delphi,Belly Up,1,2.80075,
04/05/2024,2,15,15,Compatible,Delphi,Tail Wave,1,4.12975,
04/05/2024,2,16,16,Compatible,Delphi,Belly Up,1,3.27175,
04/05/2024,2,17,17,Compatible,Delphi,Tail Wave,0,1.6045,Action begun before signal
04/05/2024,2,18,18,Compatible,Delphi,Tail Wave,1,3.741375,
04/05/2024,2,19,19,Compatible,Delphi,Belly Up,0,4.169375,
04/05/2024,2,20,20,Compatible,Delphi,Belly Up,1,2.756375,
05/05/2024,3,1,21,Compatible,Delphi,Belly Up,1,2.695875,Description board says incompatible but it looks like it should be compatible 
05/05/2024,3,2,22,Compatible,Delphi,Tail Wave,0,2.8235,
05/05/2024,3,3,23,Compatible,Delphi,Belly Up,1,2.3635,
05/05/2024,3,4,24,Compatible,Delphi,Tail Wave,1,4.16875,
05/05/2024,3,5,25,Compatible,Delphi,Belly Up,1,2.580375,
05/05/2024,3,6,26,Compatible,Delphi,Tail Wave,0,2.118375,
05/05/2024,3,7,27,Compatible,Delphi,Belly Up,0,3.759,
05/05/2024,3,8,28,Compatible,Delphi,Tail Wave,1,4.3035,
05/05/2024,3,9,29,Compatible,Delphi,Tail Wave,1,2.9365,
05/05/2024,3,10,30,Compatible,Delphi,Belly Up,1,2.672875,
05/05/2024,4,11,31,Compatible,Delphi,Tail Wave,1,4.07325,
05/05/2024,4,12,32,Compatible,Delphi,Belly Up,1,0.453625,Action begun before signal
05/05/2024,4,13,33,Compatible,Delphi,Belly Up,1,3.3435,
05/05/2024,4,14,34,Compatible,Delphi,Tail Wave,0,1.011125,Action begun before signal
05/05/2024,4,15,35,Compatible,Delphi,Belly Up,0,3.6465,
05/05/2024,4,16,36,Compatible,Delphi,Tail Wave,1,3.467375,
05/05/2024,4,17,37,Compatible,Delphi,Belly Up,1,3.413125,
05/05/2024,4,18,38,Compatible,Delphi,Belly Up,1,3.161875,
05/05/2024,4,19,39,Compatible,Delphi,Tail Wave,1,4.241875,
05/05/2024,4,20,40,Compatible,Delphi,Tail Wave,1,3.496625,
05/05/2024,5,1,41,Compatible,Delphi,Tail Wave,0,3.61925,
05/05/2024,5,2,42,Compatible,Delphi,Belly Up,1,2.325625,
05/05/2024,5,3,43,Compatible,Delphi,Tail Wave,1,3.95225,
05/05/2024,5,4,44,Compatible,Delphi,Belly Up,1,2.88475,
05/05/2024,5,5,45,Compatible,Delphi,Tail Wave,1,3.424875,
05/05/2024,5,6,46,Compatible,Delphi,Belly Up,1,2.708875,
05/05/2024,5,7,47,Compatible,Delphi,Tail Wave,1,3.494125,
05/05/2024,5,8,48,Compatible,Delphi,Belly Up,1,3.25975,
05/05/2024,5,9,49,Compatible,Delphi,Tail Wave,1,3.58775,
05/05/2024,5,10,50,Compatible,Delphi,Tail Wave,1,3.83075,
05/05/2024,6,11,51,Compatible,Delphi,Tail Wave,1,4.09725,
05/05/2024,6,12,52,Compatible,Delphi,Belly Up,1,3.465,
05/05/2024,6,13,53,Compatible,Delphi,Tail Wave,1,4.378375,
05/05/2024,6,14,54,Compatible,Delphi,Belly Up,1,2.7955,
05/05/2024,6,15,55,Compatible,Delphi,Tail Wave,1,4.226875,
05/05/2024,6,16,56,Compatible,Delphi,Tail Wave,1,-3.4075,
05/05/2024,6,17,57,Compatible,Delphi,Belly Up,1,3.195625,
05/05/2024,6,18,58,Compatible,Delphi,Belly Up,1,3.035375,
05/05/2024,6,19,59,Compatible,Delphi,Tail Wave,1,2.99425,
05/05/2024,6,20,60,Compatible,Delphi,Belly Up,1,2.864625,
05/05/2024,7,1,61,Compatible,Delphi,Tail Wave,1,4.6237875,
05/05/2024,7,2,62,Compatible,Delphi,Belly Up,1,3.0225,
05/05/2024,7,3,63,Compatible,Delphi,Tail Wave,1,4.41775,
05/05/2024,7,4,64,Compatible,Delphi,Belly Up,1,1.711375,
05/05/2024,7,5,65,Compatible,Delphi,Belly Up,1,2.578875,
05/05/2024,7,6,66,Compatible,Delphi,Tail Wave,1,3.75675,
05/05/2024,7,7,67,Compatible,Delphi,Tail Wave,0,2.6305,
05/05/2024,7,8,68,Compatible,Delphi,Belly Up,1,2.614125,
05/05/2024,7,9,69,Compatible,Delphi,Tail Wave,1,4.201,
05/05/2024,7,10,70,Compatible,Delphi,Belly Up,1,2.561625,
25/02/2024,1,1,1,Incompatible,Dobbie,Splash,0,0.612375,
25/02/2024,1,2,2,Incompatible,Dobbie,Spin,0,,No action performed
25/02/2024,1,3,3,Incompatible,Dobbie,Splash,0,2.685375,
25/02/2024,1,4,4,Incompatible,Dobbie,Spin,1,0.83025,
25/02/2024,1,5,5,Incompatible,Dobbie,Splash,1,0.827875,
25/02/2024,1,6,6,Incompatible,Dobbie,Spin,1,0.667875,
25/02/2024,1,7,7,Incompatible,Dobbie,Spin,1,0.638375,
25/02/2024,1,8,8,Incompatible,Dobbie,Splash,0,0.64625,
25/02/2024,1,9,9,Incompatible,Dobbie,Spin,1,1.086125,
25/02/2024,1,10,10,Incompatible,Dobbie,Splash,1,2.65525,
28/02/2024,2,1,11,Incompatible,Dobbie,Spin,1,0.74575,
28/02/2024,2,2,12,Incompatible,Dobbie,Splash,0,1.039,
28/02/2024,2,3,13,Incompatible,Dobbie,Splash,0,1.047125,
28/02/2024,2,4,14,Incompatible,Dobbie,Spin,1,1.196,
28/02/2024,2,5,15,Incompatible,Dobbie,Splash,0,1.444625,
28/02/2024,2,6,16,Incompatible,Dobbie,Spin,1,0.819875,
28/02/2024,2,7,17,Incompatible,Dobbie,Splash,1,2.98875,
28/02/2024,2,8,18,Incompatible,Dobbie,Splash,0,1.041375,
28/02/2024,2,9,19,Incompatible,Dobbie,Spin,1,1.339875,
28/02/2024,2,10,20,Incompatible,Dobbie,Spin,1,1.027375,
28/02/2024,3,11,21,Incompatible,Dobbie,Spin,1,0.786375,
28/02/2024,3,12,22,Incompatible,Dobbie,Splash,0,0.99325,
28/02/2024,3,13,23,Incompatible,Dobbie,Spin,1,0.611375,
28/02/2024,3,14,24,Incompatible,Dobbie,Splash,1,5.7685,Both Splash and Spin was done 
28/02/2024,3,15,25,Incompatible,Dobbie,Spin,1,1.041,
28/02/2024,3,16,26,Incompatible,Dobbie,Splash,1,3.93175,Both Splash and Spin was done 
28/02/2024,3,17,27,Incompatible,Dobbie,Spin,1,1.107625,
28/02/2024,3,18,28,Incompatible,Dobbie,Splash,0,0.71425,
28/02/2024,3,19,29,Incompatible,Dobbie,Spin,1,0.929625,
28/02/2024,3,20,30,Incompatible,Dobbie,Spin,1,0.7625,
28/02/2024,4,1,31,Incompatible,Dobbie,Spin,1,1.270375,
28/02/2024,4,2,32,Incompatible,Dobbie,Splash,0,0.8415,
28/02/2024,4,3,33,Incompatible,Dobbie,Spin,1,0.60075,
28/02/2024,4,4,34,Incompatible,Dobbie,Splash,0,0.611,
28/02/2024,4,5,35,Incompatible,Dobbie,Spin,1,0.9005,
28/02/2024,4,6,36,Incompatible,Dobbie,Spin,1,0.7965,
28/02/2024,4,7,37,Incompatible,Dobbie,Splash,0,0.910625,
28/02/2024,4,8,38,Incompatible,Dobbie,Splash,0,1.022,
28/02/2024,4,9,39,Incompatible,Dobbie,Spin,1,0.906625,
28/02/2024,4,10,40,Incompatible,Dobbie,Splash,0,1.12375,
28/02/2024,5,1,41,Incompatible,Dobbie,Spin,1,0.9895,
28/02/2024,5,2,42,Incompatible,Dobbie,Splash,1,5.1145,Both Splash and Spin was done 
28/02/2024,5,3,43,Incompatible,Dobbie,Spin,1,0.750875,
28/02/2024,5,4,44,Incompatible,Dobbie,Splash,1,5.564875,Both Splash and Spin was done 
28/02/2024,5,5,45,Incompatible,Dobbie,Splash,0,0.599375,
28/02/2024,5,6,46,Incompatible,Dobbie,Spin,1,1.13275,
28/02/2024,5,7,47,Incompatible,Dobbie,Spin,1,0.833375,
28/02/2024,5,8,48,Incompatible,Dobbie,Splash,0,0.862625,
28/02/2024,5,9,49,Incompatible,Dobbie,Spin,1,0.73275,
28/02/2024,5,10,50,Incompatible,Dobbie,Splash,0,0.8755,
28/02/2024,6,1,51,Incompatible,Dobbie,Splash,0,0.802375,
28/02/2024,6,2,52,Incompatible,Dobbie,Spin,1,1.079125, 
28/02/2024,6,3,53,Incompatible,Dobbie,Splash,0,0.943499999999999,
28/02/2024,6,4,54,Incompatible,Dobbie,Spin,1,1.217125,
28/02/2024,6,5,55,Incompatible,Dobbie,Splash,0,1.086875,
28/02/2024,6,6,56,Incompatible,Dobbie,Spin,1,0.991375,
28/02/2024,6,7,57,Incompatible,Dobbie,Splash,0,1.25125,
28/02/2024,6,8,58,Incompatible,Dobbie,Spin,1,0.653,
28/02/2024,6,9,59,Incompatible,Dobbie,Splash,0,1.66375,
28/02/2024,6,10,60,Incompatible,Dobbie,Spin,1,1.138625,
28/02/2024,7,11,61,Incompatible,Dobbie,Spin,1,1.39825,
28/02/2024,7,12,62,Incompatible,Dobbie,Splash,0,1.177,
28/02/2024,7,13,63,Incompatible,Dobbie,Spin,1,1.195,
28/02/2024,7,14,64,Incompatible,Dobbie,Splash,0,1.342,
28/02/2024,7,15,65,Incompatible,Dobbie,Splash,0,1.2375,
28/02/2024,7,16,66,Incompatible,Dobbie,Spin,1,2.269125,
28/02/2024,7,17,67,Incompatible,Dobbie,Splash,0,1.27825,
28/02/2024,7,18,68,Incompatible,Dobbie,Spin,1,1.66925,
28/02/2024,7,19,69,Incompatible,Dobbie,Splash,0,1.5555,
28/02/2024,7,20,70,Incompatible,Dobbie,Spin,1,2.578875,
28/02/2024,8,1,71,Incompatible,Dobbie,Spin,1,1.30025,
28/02/2024,8,2,72,Incompatible,Dobbie,Spin,1,1.352,
28/02/2024,8,3,73,Incompatible,Dobbie,Splash,0,1.58175,
28/02/2024,8,4,74,Incompatible,Dobbie,Splash,0,0.793374999999999,
28/02/2024,8,5,75,Incompatible,Dobbie,Spin,1,1.083625,
28/02/2024,8,6,76,Incompatible,Dobbie,Spin,1,0.614625,
28/02/2024,8,7,77,Incompatible,Dobbie,Splash,0,1.00675,
28/02/2024,8,8,78,Incompatible,Dobbie,Spin,1,0.952875,
28/02/2024,8,9,79,Incompatible,Dobbie,Splash,0,1.274125,
28/02/2024,8,10,80,Incompatible,Dobbie,Spin,1,0.9405,
28/02/2024,9,11,81,Incompatible,Dobbie,Splash,0,1.262375,
28/02/2024,9,12,82,Incompatible,Dobbie,Splash,0,0.99225,
28/02/2024,9,13,83,Incompatible,Dobbie,Spin,1,0.668625,
28/02/2024,9,14,84,Incompatible,Dobbie,Splash,0,1.00275,
28/02/2024,9,15,85,Incompatible,Dobbie,Splash,0,0.82425,
28/02/2024,9,16,86,Incompatible,Dobbie,Spin,1,0.727875,
28/02/2024,9,17,87,Incompatible,Dobbie,Splash,0,0.69225,
28/02/2024,9,18,88,Incompatible,Dobbie,Spin,1,0.79875,
28/02/2024,9,19,89,Incompatible,Dobbie,Splash,1,0.77325,
28/02/2024,9,20,90,Incompatible,Dobbie,Spin,1,0.8165,
28/02/2024,9,21,91,Incompatible,Dobbie,Splash,0,1.315125,
28/02/2024,9,22,92,Incompatible,Dobbie,Spin,1,1.899875,
20/03/2024,10,1,93,Incompatible,Dobbie,Spin,1,0.521125000000001,
20/03/2024,10,2,94,Incompatible,Dobbie,Splash,0,0.630125,
20/03/2024,10,3,95,Incompatible,Dobbie,Spin,1,1.078125,
20/03/2024,10,4,96,Incompatible,Dobbie,Splash,0,1.31225,
20/03/2024,10,5,97,Incompatible,Dobbie,Splash,0,1.65325,
20/03/2024,10,6,98,Incompatible,Dobbie,Spin,1,0.925,
20/03/2024,10,7,99,Incompatible,Dobbie,Splash,0,1.414375,
20/03/2024,10,8,100,Incompatible,Dobbie,Spin,1,1.265125,
20/03/2024,10,9,101,Incompatible,Dobbie,Splash,0,1.575875,
20/03/2024,10,10,102,Incompatible,Dobbie,Spin,1,1.126375,
20/03/2024,11,1,103,Incompatible,Dobbie,Spin,1,0.65625,
20/03/2024,11,2,104,Incompatible,Dobbie,Splash,0,0.66975,
20/03/2024,11,3,105,Incompatible,Dobbie,Spin,1,1.018625,
20/03/2024,11,4,106,Incompatible,Dobbie,Splash,0,1.218625,
20/03/2024,11,5,107,Incompatible,Dobbie,Splash,0,0.831125,
20/03/2024,11,6,108,Incompatible,Dobbie,Spin,1,0.794875,
20/03/2024,11,7,109,Incompatible,Dobbie,Splash,0,0.857625,
20/03/2024,11,8,110,Incompatible,Dobbie,Spin,1,0.79175,
20/03/2024,11,9,111,Incompatible,Dobbie,Splash,0,3.136625,
20/03/2024,11,10,112,Incompatible,Dobbie,Spin,1,0.78275,
21/03/2024,12,1,113,Incompatible,Dobbie,Spin,1,0.868875,
21/03/2024,12,2,114,Incompatible,Dobbie,Splash,0,1.15175,
21/03/2024,12,3,115,Incompatible,Dobbie,Spin,1,0.932375,
21/03/2024,12,4,116,Incompatible,Dobbie,Splash,0,1.436,
21/03/2024,12,5,117,Incompatible,Dobbie,Spin,1,0.762875,
21/03/2024,12,6,118,Incompatible,Dobbie,Splash,0,1.185125,
21/03/2024,12,7,119,Incompatible,Dobbie,Splash,0,1.480625,
21/03/2024,12,8,120,Incompatible,Dobbie,Spin,1,1.138625,
21/03/2024,12,9,121,Incompatible,Dobbie,Splash,0,1.360875,
21/03/2024,12,10,122,Incompatible,Dobbie,Spin,1,0.702375,
21/03/2024,13,11,123,Incompatible,Dobbie,Splash,0,0.826625,
21/03/2024,13,12,124,Incompatible,Dobbie,Spin,1,0.709375,
21/03/2024,13,13,125,Incompatible,Dobbie,Spin,1,0.982625,
21/03/2024,13,14,126,Incompatible,Dobbie,Splash,0,0.910375,
21/03/2024,13,15,127,Incompatible,Dobbie,Spin,1,0.71775,
21/03/2024,13,16,128,Incompatible,Dobbie,Spin,0,2.89625,
21/03/2024,13,17,129,Incompatible,Dobbie,Spin,1,1.00775,
21/03/2024,13,18,130,Incompatible,Dobbie,Splash,0,0.83325,
21/03/2024,13,19,131,Incompatible,Dobbie,Splash,0,0.6625,
21/03/2024,14,1,132,Incompatible,Dobbie,Splash,0,0.737875,
21/03/2024,14,2,133,Incompatible,Dobbie,Spin,1,0.809125000000001,
21/03/2024,14,3,134,Incompatible,Dobbie,Splash,0,1.174875,
21/03/2024,14,4,135,Incompatible,Dobbie,Spin,1,1.901375,
21/03/2024,14,6,137,Incompatible,Dobbie,Splash,0,1.37125,
21/03/2024,14,7,138,Incompatible,Dobbie,Spin,1,0.911625,
21/03/2024,14,8,139,Incompatible,Dobbie,Splash,1,2.99425,
21/03/2024,14,9,140,Incompatible,Dobbie,Spin,1,0.852625,
21/03/2024,14,10,141,Incompatible,Dobbie,Splash,0,0.662125,
02/04/2024,1,1,1,Incompatible,Dobbie,Tail Wave,0,3.2945,
02/04/2024,1,2,2,Incompatible,Dobbie,Belly Up,0,1.880875,
02/04/2024,1,3,3,Incompatible,Dobbie,Belly Up,1,3.5795,
02/04/2024,1,4,4,Incompatible,Dobbie,Tail Wave,0,3.854,
02/04/2024,1,5,5,Incompatible,Dobbie,Belly Up,1,3.316875,
02/04/2024,1,6,6,Incompatible,Dobbie,Tail Wave,1,1.7865,
02/04/2024,1,7,7,Incompatible,Dobbie,Belly Up,0,2.27725,
02/04/2024,1,8,8,Incompatible,Dobbie,Belly Up,0,1.745375,
02/04/2024,1,9,9,Incompatible,Dobbie,Tail Wave,0,3.321,
02/04/2024,1,10,10,Incompatible,Dobbie,Tail Wave,0,3.23825,
02/04/2024,2,1,11,Incompatible,Dobbie,Tail Wave,1,1.82725,
02/04/2024,2,2,12,Incompatible,Dobbie,Belly Up,1,3.546,
02/04/2024,2,3,13,Incompatible,Dobbie,Tail Wave,1,2.150625,
02/04/2024,2,4,14,Incompatible,Dobbie,Belly Up,0,1.574375,
02/04/2024,2,5,15,Incompatible,Dobbie,Tail Wave,0,3.3035,
02/04/2024,2,6,16,Incompatible,Dobbie,Belly Up,0,1.55275,
02/04/2024,2,7,17,Incompatible,Dobbie,Tail Wave,1,1.91425,
02/04/2024,2,8,18,Incompatible,Dobbie,Belly Up,0,1.809,
02/04/2024,2,9,19,Incompatible,Dobbie,Tail Wave,0,2.732875,
02/04/2024,2,10,20,Incompatible,Dobbie,Tail Wave,1,2.1745,
03/04/2024,3,1,21,Incompatible,Dobbie,Tail Wave,1,1.84,
03/04/2024,3,2,22,Incompatible,Dobbie,Belly Up,0,2.22375,
03/04/2024,3,3,23,Incompatible,Dobbie,Tail Wave,0,3.382375,
03/04/2024,3,4,24,Incompatible,Dobbie,Belly Up,0,2.579875,
03/04/2024,3,5,25,Incompatible,Dobbie,Tail Wave,1,2.291,
03/04/2024,3,6,26,Incompatible,Dobbie,Tail Wave,0,3.650625,
03/04/2024,3,7,27,Incompatible,Dobbie,Belly Up,0,1.74225,
03/04/2024,3,8,28,Incompatible,Dobbie,Belly Up,0,1.514125,
03/04/2024,3,9,29,Incompatible,Dobbie,Tail Wave,0,3.323625,
03/04/2024,3,10,30,Incompatible,Dobbie,Belly Up,1,3.40875,
03/04/2024,4,1,31,Incompatible,Dobbie,Tail Wave,1,1.975,
03/04/2024,4,2,32,Incompatible,Dobbie,Belly Up,0,1.589,
03/04/2024,4,3,33,Incompatible,Dobbie,Tail Wave,0,3.414625,
03/04/2024,4,4,34,Incompatible,Dobbie,Belly Up,0,2.270875,
03/04/2024,4,5,35,Incompatible,Dobbie,Belly Up,0,1.513,
03/04/2024,4,6,36,Incompatible,Dobbie,Tail Wave,0,3.3745,
03/04/2024,4,7,37,Incompatible,Dobbie,Tail Wave,0,3.597875,
03/04/2024,4,8,38,Incompatible,Dobbie,Belly Up,1,3.405625,
03/04/2024,4,9,39,Incompatible,Dobbie,Tail Wave,0,3.659625,
03/04/2024,4,10,40,Incompatible,Dobbie,Belly Up,1,3.189125,
05/04/2024,5,1,41,Incompatible,Dobbie,Belly Up,0,1.719375,
05/04/2024,5,2,42,Incompatible,Dobbie,Tail Wave,0,3.675125,
05/04/2024,5,3,43,Incompatible,Dobbie,Belly Up,1,3.93625,
05/04/2024,5,4,44,Incompatible,Dobbie,Tail Wave,0,3.7785,
05/04/2024,5,5,45,Incompatible,Dobbie,Belly Up,1,3.424625,
05/04/2024,5,6,46,Incompatible,Dobbie,Tail Wave,0,0,No copy signal given 
05/04/2024,5,7,47,Incompatible,Dobbie,Tail Wave,0,,No action performed
05/04/2024,5,8,48,Incompatible,Dobbie,Belly Up,1,3.839125,
05/04/2024,5,9,49,Incompatible,Dobbie,Tail Wave,0,0,No copy signal given 
05/04/2024,5,10,50,Incompatible,Dobbie,Belly Up,0,3.1505,
05/04/2024,6,1,51,Incompatible,Dobbie,Tail Wave,0,3.224625,
05/04/2024,6,2,52,Incompatible,Dobbie,Belly Up,0,2.2035,
05/04/2024,6,3,53,Incompatible,Dobbie,Tail Wave,0,3.795625,
05/04/2024,6,4,54,Incompatible,Dobbie,Belly Up,1,3.167375,
05/04/2024,6,5,55,Incompatible,Dobbie,Belly Up,0,1.752625,
05/04/2024,6,6,56,Incompatible,Dobbie,Tail Wave,0,4.22325,
05/04/2024,6,7,57,Incompatible,Dobbie,Belly Up,1,3.51925,
05/04/2024,6,8,58,Incompatible,Dobbie,Tail Wave,0,3.372,
05/04/2024,6,9,59,Incompatible,Dobbie,Belly Up,1,3.72675,
05/04/2024,6,10,60,Incompatible,Dobbie,Tail Wave,0,3.90375,
12/04/2024,7,1,61,Incompatible,Dobbie,Tail Wave,0,3.403125,
12/04/2024,7,2,62,Incompatible,Dobbie,Belly Up,0,1.8205,
12/04/2024,7,3,63,Incompatible,Dobbie,Tail Wave,0,3.660375,
12/04/2024,7,4,64,Incompatible,Dobbie,Belly Up,1,3.744375,
12/04/2024,7,5,65,Incompatible,Dobbie,Belly Up,1,3.43425,
12/04/2024,7,6,66,Incompatible,Dobbie,Tail Wave,0,3.40275,
12/04/2024,7,7,67,Incompatible,Dobbie,Belly Up,1,3.90625,
12/04/2024,7,8,68,Incompatible,Dobbie,Tail Wave,0,4.70775,
12/04/2024,7,9,69,Incompatible,Dobbie,Belly Up ,1,3.299,
12/04/2024,7,10,70,Incompatible,Dobbie,Tail Wave,0,3.511,
12/04/2024,8,11,71,Incompatible,Dobbie,Tail Wave,0,3.292,
12/04/2024,8,12,72,Incompatible,Dobbie,Belly up,1,3.553375,
12/04/2024,8,13,73,Incompatible,Dobbie,Tail Wave,0,3.73625,
12/04/2024,8,14,74,Incompatible,Dobbie,Belly Up,1,3.507,
12/04/2024,8,15,75,Incompatible,Dobbie,Tail Wave,0,2.0665,
12/04/2024,8,16,76,Incompatible,Dobbie,Belly Up,1,3.86975,
12/04/2024,8,17,77,Incompatible,Dobbie,Belly up ,1,3.70425,
12/04/2024,8,18,78,Incompatible,Dobbie,Tail Wave,0,3.90075,
12/04/2024,8,19,79,Incompatible,Dobbie,Belly Up,1,3.66625,
12/04/2024,8,20,80,Incompatible,Dobbie,Tail Wave,0,3.450625,
13/04/2024,9,1,81,Incompatible,Dobbie,Belly Up,1,3.439875,
13/04/2024,9,2,82,Incompatible,Dobbie,Tail Wave,0,3.71775,
13/04/2024,9,3,83,Incompatible,Dobbie,Tail Wave,0,3.959875,
13/04/2024,9,4,84,Incompatible,Dobbie,Belly Up,1,3.550125,
13/04/2024,9,5,85,Incompatible,Dobbie,Tail Wave,0,3.413,
13/04/2024,9,6,86,Incompatible,Dobbie,Belly Up,1,3.512125,
13/04/2024,9,8,87,Incompatible,Dobbie,Tail Wave,1,3.008125,
13/04/2024,9,9,88,Incompatible,Dobbie,Tail Wave,0,3.38525,
13/04/2024,9,10,89,Incompatible,Dobbie,Belly Up,0,1.800875,
13/04/2024,9,11,90,Incompatible,Dobbie,Belly Up,1,3.409625,
13/04/2024,10,1,91,Incompatible,Dobbie,Belly Up,0,2.12225,
13/04/2024,10,2,92,Incompatible,Dobbie,Tail Wave,0,3.74625,
13/04/2024,10,5,93,Incompatible,Dobbie,Belly Up,0,2.072125,
13/04/2024,10,6,94,Incompatible,Dobbie,Tail Wave,1,2.5605,
13/04/2024,10,7,95,Incompatible,Dobbie,Belly Up,0,2.085875,
13/04/2024,10,8,96,Incompatible,Dobbie,Tail Wave,0,3.414625,
13/04/2024,10,9,97,Incompatible,Dobbie,Belly Up,0,2.165125,
13/04/2024,10,10,98,Incompatible,Dobbie,Tail Wave,1,1.810125,
13/04/2024,10,11,99,Incompatible,Dobbie,Belly Up,0,1.687375,
13/04/2024,10,12,100,Incompatible,Dobbie,Belly Up,0,1.578,
13/04/2024,11,1,101,Incompatible,Dobbie,Belly Up,0,1.20025,
13/04/2024,11,2,102,Incompatible,Dobbie,Tail Wave,1,2.36525,
13/04/2024,11,3,103,Incompatible,Dobbie,Belly Up,0,2.077375,
13/04/2024,11,4,104,Incompatible,Dobbie,Tail Wave,1,2.1415,
13/04/2024,11,6,105,Incompatible,Dobbie,Belly Up,0,2.064875,
13/04/2024,11,7,106,Incompatible,Dobbie,Tail Wave,1,2.3075,
13/04/2024,11,8,107,Incompatible,Dobbie,Tail Wave,1,2.179,
13/04/2024,11,9,108,Incompatible,Dobbie,Belly Up,0,1.776375,
13/04/2024,11,10,109,Incompatible,Dobbie,Tail Wave,1,1.648375,
13/04/2024,12,11,110,Incompatible,Dobbie,Belly Up,0,2.7115,
13/04/2024,12,12,111,Incompatible,Dobbie,Tail Wave,1,2.080875,
13/04/2024,12,13,112,Incompatible,Dobbie,Belly Up,0,3.413875,
13/04/2024,12,14,113,Incompatible,Dobbie,Belly Up,0,2.830375,
13/04/2024,12,15,114,Incompatible,Dobbie,Tail Wave,1,3.812375,
13/04/2024,12,16,115,Incompatible,Dobbie,Tail Wave,1,2.09375,
13/04/2024,12,17,116,Incompatible,Dobbie,Belly Up,0,2.107,
13/04/2024,12,18,117,Incompatible,Dobbie,Tail Wave,1,2.6835,
13/04/2024,12,19,118,Incompatible,Dobbie,Belly Up,0,1.7105,
13/04/2024,12,20,119,Incompatible,Dobbie,Tail Wave,1,2.145,
14/04/2024,13,1,120,Incompatible,Dobbie,Tail Wave,1,1.915,
14/04/2024,13,2,121,Incompatible,Dobbie,Belly Up,0,2.809625,
14/04/2024,13,3,122,Incompatible,Dobbie,Tail Wave,1,2.468125,
14/04/2024,13,4,123,Incompatible,Dobbie,Belly Up,0,2.171625,
14/04/2024,13,5,124,Incompatible,Dobbie,Tail Wave,1,1.894625,
14/04/2024,13,6,125,Incompatible,Dobbie,Belly Up,0,2.222875,
14/04/2024,13,7,126,Incompatible,Dobbie,Tail Wave,1,1.687,
14/04/2024,13,8,127,Incompatible,Dobbie,Belly Up,0,2.078625,
14/04/2024,13,9,128,Incompatible,Dobbie,Tail Wave,1,2.32725,
14/04/2024,13,10,129,Incompatible,Dobbie,Belly Up,0,1.92525,
14/04/2024,14,11,130,Incompatible,Dobbie,Tail Wave,1,2.80775,
14/04/2024,14,12,131,Incompatible,Dobbie,Belly Up,0,2.452875,
14/04/2024,14,13,132,Incompatible,Dobbie,Tail Wave,1,1.985375,
14/04/2024,14,14,133,Incompatible,Dobbie,Tail Wave,1,2.134375,
14/04/2024,14,15,134,Incompatible,Dobbie,Belly Up,0,1.995375,
14/04/2024,14,16,135,Incompatible,Dobbie,Tail Wave,1,1.603875,
14/04/2024,14,17,136,Incompatible,Dobbie,Belly Up,0,2.4155,
14/04/2024,14,18,137,Incompatible,Dobbie,Tail Wave,1,2.525375,
14/04/2024,14,19,138,Incompatible,Dobbie,Belly Up,0,2.367,
24/02/2024,1,1,1,Incompatible,Ivo,Splash,0,0.78825,
24/02/2024,1,2,2,Incompatible,Ivo,Spin,0,,No action performed
24/02/2024,1,3,3,Incompatible,Ivo,Splash,0,1.819125,
24/02/2024,1,4,4,Incompatible,Ivo,Spin,0,,No action performed
24/02/2024,1,5,5,Incompatible,Ivo,Splash,1,2.769875,
24/02/2024,1,6,6,Incompatible,Ivo,Spin,0,2.586,
24/02/2024,1,7,7,Incompatible,Ivo,Spin,0,2.514125,
24/02/2024,1,8,8,Incompatible,Ivo,Splash,0,0.779,
24/02/2024,1,9,9,Incompatible,Ivo,Spin,0,2.974375,
24/02/2024,1,10,10,Incompatible,Ivo,Splash,1,2.14725,
24/02/2024,2,1,11,Incompatible,Ivo,Spin,0,,No action performed
24/02/2024,2,2,12,Incompatible,Ivo,Splash,0,2.797875,
24/02/2024,2,3,13,Incompatible,Ivo,Splash,1,2.636125,
24/02/2024,2,4,14,Incompatible,Ivo,Spin,0,2.679625,
24/02/2024,2,5,15,Incompatible,Ivo,Splash,1,2.055125,
24/02/2024,2,6,16,Incompatible,Ivo,Spin,0,2.3205,
24/02/2024,2,7,17,Incompatible,Ivo,Splash,1,2.452375,
24/02/2024,2,8,18,Incompatible,Ivo,Splash,1,2.501625,
24/02/2024,2,9,19,Incompatible,Ivo,Spin,0,2.205125,
24/02/2024,2,10,20,Incompatible,Ivo,Spin,0,2.3295,
24/02/2024,3,1,21,Incompatible,Ivo,Spin,0,2.14225,
24/02/2024,3,2,22,Incompatible,Ivo,Splash,0,2.9695,
24/02/2024,3,3,23,Incompatible,Ivo,Spin,0,2.9525,
24/02/2024,3,4,24,Incompatible,Ivo,Splash,1,3.1155,
24/02/2024,3,5,25,Incompatible,Ivo,Spin,0,2.404875,
24/02/2024,3,6,26,Incompatible,Ivo,Splash,1,2.30075,
24/02/2024,3,7,27,Incompatible,Ivo,Spin,0,2.43175,
24/02/2024,3,8,28,Incompatible,Ivo,Splash,1,2.421625,
24/02/2024,3,9,29,Incompatible,Ivo,Spin,0,2.601125,
24/02/2024,3,10,30,Incompatible,Ivo,Spin,0,2.312,
25/02/2024,4,1,31,Incompatible,Ivo,Spin,0,2.214875,
25/02/2024,4,2,32,Incompatible,Ivo,Splash,1,2.33975,
25/02/2024,4,3,33,Incompatible,Ivo,Spin,0,2.18,
25/02/2024,4,4,34,Incompatible,Ivo,Splash,1,2.476875,
25/02/2024,4,5,35,Incompatible,Ivo,Spin,0,2.139,
25/02/2024,4,6,36,Incompatible,Ivo,Spin,0,2.205875,
25/02/2024,4,7,37,Incompatible,Ivo,Splash,1,2.54525,
25/02/2024,4,8,38,Incompatible,Ivo,Splash,1,2.58525,
25/02/2024,4,9,39,Incompatible,Ivo,Spin,0,2.142,
25/02/2024,4,10,40,Incompatible,Ivo,Splash,1,2.03475,
28/02/2024,5,1,41,Incompatible,Ivo,Spin,0,2.4455,
28/02/2024,5,2,42,Incompatible,Ivo,Splash,1,2.33325,
28/02/2024,5,3,43,Incompatible,Ivo,Spin,0,3.326875,
28/02/2024,5,4,44,Incompatible,Ivo,Splash,1,2.50075,
28/02/2024,5,5,45,Incompatible,Ivo,Splash,1,2.8965,
28/02/2024,5,6,46,Incompatible,Ivo,Spin,0,2.671375,
28/02/2024,5,7,47,Incompatible,Ivo,Spin,0,2.749625,
28/02/2024,5,8,48,Incompatible,Ivo,Splash,1,2.184875,
28/02/2024,5,9,49,Incompatible,Ivo,Spin,0,2.818125,
28/02/2024,5,10,50,Incompatible,Ivo,Splash,1,1.76975,
28/02/2024,6,11,51,Incompatible,Ivo,Splash,1,2.293625,
28/02/2024,6,12,52,Incompatible,Ivo,Spin,0,2.433625,
28/02/2024,6,13,53,Incompatible,Ivo,Splash,1,2.041875,
28/02/2024,6,14,54,Incompatible,Ivo,Spin,0,2.708875,
28/02/2024,6,15,55,Incompatible,Ivo,Splash,1,2.859875,
28/02/2024,6,16,56,Incompatible,Ivo,Spin,0,2.35,
28/02/2024,6,17,57,Incompatible,Ivo,Splash,1,2.07825,
28/02/2024,6,18,58,Incompatible,Ivo,Spin,0,2.28525,
28/02/2024,6,19,59,Incompatible,Ivo,Splash,1,2.001,
28/02/2024,6,20,60,Incompatible,Ivo,Spin,0,2.21325,
28/02/2024,7,1,61,Incompatible,Ivo,Spin,0,2.174625,
28/02/2024,7,2,62,Incompatible,Ivo,Splash,1,1.650375,Action begun before signal
28/02/2024,7,3,63,Incompatible,Ivo,Spin,0,,No action performed
28/02/2024,7,4,64,Incompatible,Ivo,Splash,1,2.076625,
28/02/2024,7,5,65,Incompatible,Ivo,Splash,1,2.55725,
28/02/2024,7,6,66,Incompatible,Ivo,Spin,0,2.238625,
28/02/2024,7,7,67,Incompatible,Ivo,Splash,1,1.201,Action begun before signal
28/02/2024,7,8,68,Incompatible,Ivo,Spin,0,2.446875,
28/02/2024,7,9,69,Incompatible,Ivo,Splash,1,2.640125,
28/02/2024,7,10,70,Incompatible,Ivo,Spin,0,2.32925,
20/03/2024,8,1,71,Incompatible,Ivo,Spin,0,2.473,
20/03/2024,8,2,72,Incompatible,Ivo,Splash,0,2.5935,
20/03/2024,8,3,73,Incompatible,Ivo,Spin,0,1.556375,Action begun before signal
20/03/2024,8,4,74,Incompatible,Ivo,Splash,1,3.1845,
20/03/2024,8,5,75,Incompatible,Ivo,Splash,1,3.3955,
20/03/2024,8,6,76,Incompatible,Ivo,Spin,0,,No action performed
20/03/2024,8,7,77,Incompatible,Ivo,Splash,1,3.0005,
20/03/2024,8,8,78,Incompatible,Ivo,Spin,0,1.978,Action begun before signal
20/03/2024,8,9,79,Incompatible,Ivo,Splash,0,0.98825,
20/03/2024,8,10,80,Incompatible,Ivo,Spin,0,3.2155,
21/03/2024,9,1,81,Incompatible,Ivo,Spin,0,,No action performed
21/03/2024,9,2,82,Incompatible,Ivo,Spin,0,,No action performed
21/03/2024,9,3,83,Incompatible,Ivo,Splash,0,1.676625,
21/03/2024,9,4,84,Incompatible,Ivo,Spin,0,,No action performed
21/03/2024,9,5,85,Incompatible,Ivo,Splash,0,0.734125,
21/03/2024,9,6,86,Incompatible,Ivo,Spin,0,,No action performed
21/03/2024,9,7,87,Incompatible,Ivo,Splash,0,2.628375,
21/03/2024,9,8,88,Incompatible,Ivo,Splash,0,0.335500000000001,Action begun before signal
21/03/2024,9,9,89,Incompatible,Ivo,Spin,0,3.31,
21/03/2024,9,10,90,Incompatible,Ivo,Splash,0,,No action performed
21/03/2024,9,11,91,Incompatible,Ivo,Spin,0,,No action performed
26/03/2024,10,1,92,Incompatible,Ivo,Splash,0,,No action performed
26/03/2024,10,2,93,Incompatible,Ivo,Spin,0,,No action performed
26/03/2024,10,3,94,Incompatible,Ivo,Spin,0,,No action performed
26/03/2024,10,4,95,Incompatible,Ivo,Splash,0,,No action performed
26/03/2024,10,5,96,Incompatible,Ivo,Spin,0,2.7215,
26/03/2024,10,6,97,Incompatible,Ivo,Splash,1,2.16075,
26/03/2024,10,7,98,Incompatible,Ivo,Spin,0,4.0415,
26/03/2024,10,8,99,Incompatible,Ivo,Spin,0,2.59325,
26/03/2024,10,9,100,Incompatible,Ivo,Splash,1,2.374375,
26/03/2024,10,10,101,Incompatible,Ivo,Splash,1,2.599625,
26/03/2024,11,1,102,Incompatible,Ivo,Splash,0,0.965125,
26/03/2024,11,2,103,Incompatible,Ivo,Spin,0,,No action performed
26/03/2024,11,3,104,Incompatible,Ivo,Splash,1,2.803125,
26/03/2024,11,4,105,Incompatible,Ivo,Spin,0,2.326375,
26/03/2024,11,5,106,Incompatible,Ivo,Splash,1,3.48825,
26/03/2024,11,7,107,Incompatible,Ivo,Spin,0,1.906,
26/03/2024,11,8,108,Incompatible,Ivo,Splash,1,2.18025,
26/03/2024,11,9,109,Incompatible,Ivo,Spin,0,2.0835,
26/03/2024,11,10,110,Incompatible,Ivo,Splash,1,1.68225,
26/03/2024,11,11,111,Incompatible,Ivo,Splash,1,1.131125,Action begun before signal
27/03/2024,12,1,112,Incompatible,Ivo,Spin,0,1.08875,Action begun before signal
27/03/2024,12,2,113,Incompatible,Ivo,Splash,1,2.058375,
27/03/2024,12,4,114,Incompatible,Ivo,Spin,0,,No action performed
27/03/2024,12,5,115,Incompatible,Ivo,Splash,0,0.869625,
27/03/2024,12,6,116,Incompatible,Ivo,Spin,0,,No action performed
27/03/2024,12,7,117,Incompatible,Ivo,Spin,1,3.516875,Both splash and spin performed
27/03/2024,12,8,118,Incompatible,Ivo,Splash,0,0.8605,
27/03/2024,12,9,119,Incompatible,Ivo,Spin,0,3.814625,
27/03/2024,12,10,120,Incompatible,Ivo,Splash,1,1.497,Action begun before signal
28/03/2024,13,1,121,Incompatible,Ivo,Splash,0,0.660875,
28/03/2024,13,2,122,Incompatible,Ivo,Spin,0,1.48525,Action begun before signal
28/03/2024,13,3,123,Incompatible,Ivo,Splash,0,1.53425,
28/03/2024,13,4,124,Incompatible,Ivo,Splash,0,1.393375,
28/03/2024,13,5,125,Incompatible,Ivo,Spin,0,2.44525,
28/03/2024,13,6,126,Incompatible,Ivo,Spin,0,2.704125,
28/03/2024,13,7,127,Incompatible,Ivo,Splash,1,2.1095,
28/03/2024,13,8,128,Incompatible,Ivo,Splash,1,2.2605,
28/03/2024,13,9,129,Incompatible,Ivo,Spin,1,0.843,
28/03/2024,13,10,130,Incompatible,Ivo,Splash,1,2.33425,
28/03/2024,13,11,131,Incompatible,Ivo,Spin,0,2.7325,
28/03/2024,14,1,132,Incompatible,Ivo,Spin,0,2.823375,
28/03/2024,14,2,133,Incompatible,Ivo,Splash,1,1.635875,
28/03/2024,14,3,134,Incompatible,Ivo,Spin,0,2.20725,
28/03/2024,14,4,135,Incompatible,Ivo,Splash,1,1.339875,Action begun before signal
28/03/2024,14,5,136,Incompatible,Ivo,Spin,0,2.716625,
28/03/2024,14,6,137,Incompatible,Ivo,Splash,1,2.143375,
28/03/2024,14,7,138,Incompatible,Ivo,Spin,0,2.701125,
28/03/2024,14,8,139,Incompatible,Ivo,Splash,1,2.769625,
28/03/2024,14,9,140,Incompatible,Ivo,Spin,0,1.15525,Action begun before signal
28/03/2024,14,10,141,Incompatible,Ivo,Spin,0,2.399125,Action begun before signal
28/03/2024,14,11,142,Incompatible,Ivo,Splash,1,2.265625,
12/04/2024,1,1,1,Incompatible,Ivo,Tail Wave,1,2.18025,Session started specifc then became neutral so session nr on describtion does not match the neutral session. Likely neutral session 1
12/04/2024,1,2,2,Incompatible,Ivo,Belly Up,0,2.105375,
12/04/2024,1,3,3,Incompatible,Ivo,Belly Up,0,3.19925,
12/04/2024,1,4,4,Incompatible,Ivo,Tail Wave,1,1.535375,
12/04/2024,1,5,5,Incompatible,Ivo,Belly Up,0,2.755625,
12/04/2024,1,6,6,Incompatible,Ivo,Tail Wave,1,2.259625,
12/04/2024,1,7,7,Incompatible,Ivo,Belly Up,0,2.5855,
12/04/2024,1,8,8,Incompatible,Ivo,Belly Up,0,2.09625,
12/04/2024,1,9,9,Incompatible,Ivo,Tail Wave,1,2.289,
12/04/2024,1,10,10,Incompatible,Ivo,Tail Wave,1,1.679875,
13/04/2024,2,1,11,Incompatible,Ivo,Tail Wave,0,1.683375,
13/04/2024,2,2,12,Incompatible,Ivo,Belly Up,0,1.973125,
13/04/2024,2,3,13,Incompatible,Ivo,Tail Wave,1,2.447,
13/04/2024,2,4,14,Incompatible,Ivo,Belly Up,0,1.940625,
13/04/2024,2,5,15,Incompatible,Ivo,Tail Wave,1,2.303625,
13/04/2024,2,6,16,Incompatible,Ivo,Tail Wave,1,1.291,
13/04/2024,2,7,17,Incompatible,Ivo,Belly Up,0,2.551125,
13/04/2024,2,8,18,Incompatible,Ivo,Tail Wave,1,1.900875,Action begun before signal
13/04/2024,2,9,19,Incompatible,Ivo,Belly Up,0,2.369,
13/04/2024,2,10,20,Incompatible,Ivo,Tail Wave,1,2.059,
13/04/2024,3,11,21,Incompatible,Ivo,Belly Up,0,1.909125,
13/04/2024,3,12,22,Incompatible,Ivo,Tail Wave,1,1.776125,
13/04/2024,3,13,23,Incompatible,Ivo,Belly Up,0,2.129375,
13/04/2024,3,14,24,Incompatible,Ivo,Tail Wave,1,2.17925,
13/04/2024,3,15,25,Incompatible,Ivo,Tail Wave,1,2.27,
13/04/2024,3,16,26,Incompatible,Ivo,Belly Up,0,2.693875,
13/04/2024,3,17,27,Incompatible,Ivo,Belly Up,0,2.2345,
13/04/2024,3,18,28,Incompatible,Ivo,Tail Wave,1,1.787875,
13/04/2024,3,19,29,Incompatible,Ivo,Belly Up,0,2.02225,
13/04/2024,4,1,30,Incompatible,Ivo,Tail Wave,1,2.240375,
13/04/2024,4,2,31,Incompatible,Ivo,Belly Up,0,2.7275,
13/04/2024,4,3,32,Incompatible,Ivo,Tail Wave,1,1.39625,
13/04/2024,4,4,33,Incompatible,Ivo,Belly Up,0,2.600625,
13/04/2024,4,5,34,Incompatible,Ivo,Belly Up,0,2.045125,
13/04/2024,4,6,35,Incompatible,Ivo,Tail Wave,1,2.010875,
13/04/2024,4,7,36,Incompatible,Ivo,Tail Wave,1,2.0155,
13/04/2024,4,8,37,Incompatible,Ivo,Belly Up,0,2.709875,
13/04/2024,4,9,38,Incompatible,Ivo,Tail Wave,1,2.081,
13/04/2024,4,10,39,Incompatible,Ivo,Belly Up,0,2.767875,
14/04/2024,5,1,40,Incompatible,Ivo,Tail Wave,0,3.659125,
14/04/2024,5,2,41,Incompatible,Ivo,Belly Up,0,1.980875,
14/04/2024,5,3,42,Incompatible,Ivo,Tail Wave,1,2.68375,
14/04/2024,5,4,43,Incompatible,Ivo,Belly Up,0,2.670625,
14/04/2024,5,5,44,Incompatible,Ivo,Belly Up,0,2.4775,
14/04/2024,5,6,45,Incompatible,Ivo,Tail Wave,0,0,Action done without signal
14/04/2024,5,7,46,Incompatible,Ivo,Belly Up,0,2.56825,
14/04/2024,5,8,47,Incompatible,Ivo,Tail Wave,1,2.244625,
14/04/2024,5,9,48,Incompatible,Ivo,Belly Up,0,3.29025,
14/04/2024,5,10,49,Incompatible,Ivo,Tail Wave,1,1.755875,Action begun before signal
14/04/2024,6,11,50,Incompatible,Ivo,Tail Wave,0,0,Action done without signal
14/04/2024,6,12,51,Incompatible,Ivo,Belly Up,0,2.7205,
14/04/2024,6,13,52,Incompatible,Ivo,Tail Wave,1,1.710625,
14/04/2024,6,14,53,Incompatible,Ivo,Belly Up,0,2.739125,
14/04/2024,6,15,54,Incompatible,Ivo,Tail Wave,1,1.661625,Action begun before signal
14/04/2024,6,16,55,Incompatible,Ivo,Belly Up,0,2.915875,
14/04/2024,6,17,56,Incompatible,Ivo,Belly Up,0,2.396125,
14/04/2024,6,18,57,Incompatible,Ivo,Tail Wave,0,0,Action done without signal
14/04/2024,6,19,58,Incompatible,Ivo,Belly Up,0,2.846375,
14/04/2024,6,20,59,Incompatible,Ivo,Tail Wave,1,2.203375,
15/04/2024,7,1,60,Incompatible,Ivo,Belly Up,0,2.011,
15/04/2024,7,2,61,Incompatible,Ivo,Tail Wave,1,2.223375,
15/04/2024,7,3,62,Incompatible,Ivo,Tail Wave,1,0.73975,Action begun before signal
15/04/2024,7,4,63,Incompatible,Ivo,Belly Up,0,3.149125,
15/04/2024,7,5,64,Incompatible,Ivo,Tail Wave,1,2.636,
15/04/2024,7,7,65,Incompatible,Ivo,Tail Wave,0,3.688,
15/04/2024,7,8,66,Incompatible,Ivo,Tail Wave,1,2.439125,
15/04/2024,7,9,67,Incompatible,Ivo,Belly Up,0,2.80675,
15/04/2024,7,10,68,Incompatible,Ivo,Belly Up,0,3.228,
15/04/2024,8,1,69,Incompatible,Ivo,Belly Up,0,2.7035,
15/04/2024,8,2,70,Incompatible,Ivo,Tail Wave,1,1.698,Action begun before signal
15/04/2024,8,3,71,Incompatible,Ivo,Belly Up,0,2.535875,
15/04/2024,8,4,72,Incompatible,Ivo,Tail Wave,0,3.33175,Action begun before signal
15/04/2024,8,5,73,Incompatible,Ivo,Belly Up,0,3.12,
15/04/2024,8,6,74,Incompatible,Ivo,Tail Wave ,1,3.020375,
15/04/2024,8,7,75,Incompatible,Ivo,Belly Up,0,3.6215,
15/04/2024,8,8,76,Incompatible,Ivo,Tail Wave,1,2.70625,
15/04/2024,8,9,77,Incompatible,Ivo,Belly Up,0,3.225,
15/04/2024,8,10,78,Incompatible,Ivo,Belly Up,0,2.766,
15/04/2024,9,11,79,Incompatible,Ivo,Belly Up,0,2.53025,
15/04/2024,9,12,80,Incompatible,Ivo,Tail Wave,0,0,No Do it command given
15/04/2024,9,13,81,Incompatible,Ivo,Belly Up,0,2.888625,
15/04/2024,9,14,82,Incompatible,Ivo,Tail Wave,1,2.478,
15/04/2024,9,15,83,Incompatible,Ivo,Belly Up,0,2.617875,Do it comman given twice. Time counted from latest command
15/04/2024,9,16,84,Incompatible,Ivo,Tail Wave,1,2.76625,
15/04/2024,9,17,85,Incompatible,Ivo,Belly Up,0,0.67,Do it comman given twice. Time counted from latest command
15/04/2024,9,18,86,Incompatible,Ivo,Tail Wave,1,2.275375,
16/04/2024,10,1,87,Incompatible,Ivo,Belly Up,0,0,Action not performed
16/04/2024,10,2,88,Incompatible,Ivo,Tail Wave,1,1.616125,
16/04/2024,10,3,89,Incompatible,Ivo,Belly Up,0,3.24225,
16/04/2024,10,4,90,Incompatible,Ivo,Tail Wave,1,2.958875,
16/04/2024,10,5,91,Incompatible,Ivo,Tail Wave,1,2.866,
16/04/2024,10,7,92,Incompatible,Ivo,Belly Up,0,3.615125,
16/04/2024,10,8,93,Incompatible,Ivo,Belly Up ,0,,No action performed
16/04/2024,10,9,94,Incompatible,Ivo,Tail Wave,1,2.701125,
16/04/2024,10,11,95,Incompatible,Ivo,Belly Up ,0,,No action performed
16/04/2024,10,12,96,Incompatible,Ivo,Tail Wave,1,2.706,
16/04/2024,11,1,97,Incompatible,Ivo,Tail Wave,1,2.83225,
16/04/2024,11,2,98,Incompatible,Ivo,Belly Up,0,2.9175,
16/04/2024,11,3,99,Incompatible,Ivo,Belly Up,0,2.811125,
16/04/2024,11,4,100,Incompatible,Ivo,Tail Wave,1,2.18475,
16/04/2024,11,6,101,Incompatible,Ivo,Belly Up,0,,No action performed
16/04/2024,11,7,102,Incompatible,Ivo,Tail Wave,1,2.198625,
16/04/2024,11,8,103,Incompatible,Ivo,Belly Up,0,,No action performed
16/04/2024,11,9,104,Incompatible,Ivo,Tail Wave,1,0.6385,Action begun before signal
16/04/2024,11,11,105,Incompatible,Ivo,Belly Up,0,,No action performed
16/04/2024,12,1,106,Incompatible,Ivo,Belly Up,0,1.953875,
16/04/2024,12,2,107,Incompatible,Ivo,Belly Up,0,2.900375,
16/04/2024,12,3,108,Incompatible,Ivo,Tail Wave,1,2.626875,
16/04/2024,12,4,109,Incompatible,Ivo,Tail Wave,0,,No action performed
16/04/2024,12,5,110,Incompatible,Ivo,Tail Wave,1,3.062375,
16/04/2024,12,7,112,Incompatible,Ivo,Belly Up,0,3.017125,
16/04/2024,12,8,113,Incompatible,Ivo,Tail Wave,1,1.449,Action begun before signal
16/04/2024,12,9,114,Incompatible,Ivo,Belly Up,0,,No action performed
16/04/2024,12,10,115,Incompatible,Ivo,Tail Wave,1,1.329625,Action begun before signal
16/04/2024,12,11,116,Incompatible,Ivo,Belly Up,0,2.958625,
28/02/2024,1,1,1,Incompatible,Pepina,Splash,0,1.79225,
28/02/2024,1,2,2,Incompatible,Pepina,Spin,0,,No action performed
28/02/2024,1,3,3,Incompatible,Pepina,Splash,0,1.287125,
28/02/2024,1,4,4,Incompatible,Pepina,Spin,0,,No action performed
28/02/2024,1,5,5,Incompatible,Pepina,Splash,0,,No action performed
28/02/2024,1,6,6,Incompatible,Pepina,Spin,0,,No action performed
28/02/2024,1,7,7,Incompatible,Pepina,Spin,0,,No action performed
28/02/2024,1,8,8,Incompatible,Pepina,Splash,0,,No action performed
28/02/2024,1,9,9,Incompatible,Pepina,Spin,0,,No action performed
28/02/2024,1,10,10,Incompatible,Pepina,Splash,0,1.803125,
20/03/2024,2,1,11,Incompatible,Pepina,Spin,1,0.9445,
20/03/2024,2,2,12,Incompatible,Pepina,Splash,0,2.082625,
20/03/2024,2,3,13,Incompatible,Pepina,Splash,0,0.805124999999999,
20/03/2024,2,4,14,Incompatible,Pepina,Spin,1,0.394749999999999,Action begun before signal
20/03/2024,2,5,15,Incompatible,Pepina,Splash,0,0.420625,
20/03/2024,2,6,16,Incompatible,Pepina,Spin,1,0.573625,
20/03/2024,2,7,17,Incompatible,Pepina,Splash,0,,No action performed
20/03/2024,2,8,18,Incompatible,Pepina,Splash,0,0.91725,
20/03/2024,2,9,19,Incompatible,Pepina,Spin,0,,No action performed
20/03/2024,2,10,20,Incompatible,Pepina,Spin,0,,No action performed
20/03/2024,3,1,21,Incompatible,Pepina,Spin,1,0.66875,
20/03/2024,3,2,22,Incompatible,Pepina,Splash,0,,No action performed
20/03/2024,3,3,23,Incompatible,Pepina,Spin,1,0.521,
20/03/2024,3,4,24,Incompatible,Pepina,Splash,0,0.485250000000001,
20/03/2024,3,5,25,Incompatible,Pepina,Spin,1,0.492125,
20/03/2024,3,6,26,Incompatible,Pepina,Splash,0,0.734375,
20/03/2024,3,7,27,Incompatible,Pepina,Spin,1,0.481125,
20/03/2024,3,8,28,Incompatible,Pepina,Splash,0,,No action performed
20/03/2024,3,9,29,Incompatible,Pepina,Spin,1,0.526249999999999,
20/03/2024,3,10,30,Incompatible,Pepina,Spin,1,0.522125,
21/03/2024,4,1,31,Incompatible,Pepina,Spin,1,0.595875,
21/03/2024,4,2,32,Incompatible,Pepina,Splash,0,0.556125,
21/03/2024,4,3,33,Incompatible,Pepina,Spin,1,0.509375,
21/03/2024,4,4,34,Incompatible,Pepina,Splash,0,0.48375,
21/03/2024,4,5,35,Incompatible,Pepina,Spin,1,0.6235,
21/03/2024,4,6,36,Incompatible,Pepina,Spin,1,0.56125,
21/03/2024,4,7,37,Incompatible,Pepina,Splash,0,,No action performed
21/03/2024,4,8,38,Incompatible,Pepina,Splash,0,,No action performed
21/03/2024,4,9,39,Incompatible,Pepina,Spin,0,3.837375,
21/03/2024,4,10,40,Incompatible,Pepina,Splash,0,0.77475,
21/03/2024,5,1,41,Incompatible,Pepina,Spin,0,,No action performed
21/03/2024,5,2,42,Incompatible,Pepina,Splash,0,,No action performed
21/03/2024,5,3,43,Incompatible,Pepina,Spin,0,,No action performed
21/03/2024,5,4,44,Incompatible,Pepina,Splash,0,,No action performed
21/03/2024,5,5,45,Incompatible,Pepina,Splash,0,0.80325,
21/03/2024,5,6,46,Incompatible,Pepina,Splash,0,,No action performed
21/03/2024,5,7,47,Incompatible,Pepina,Spin,1,0.457,
21/03/2024,5,8,48,Incompatible,Pepina,Spin,0,,No action performed
21/03/2024,5,9,49,Incompatible,Pepina,Splash,0,0.947625,
21/03/2024,5,10,50,Incompatible,Pepina,Spin,,,No action performed
23/03/2024,6,1,51,Incompatible,Pepina,Splash,0,0.983625,
23/03/2024,6,2,52,Incompatible,Pepina,Spin,0,,No action performed
23/03/2024,6,3,53,Incompatible,Pepina,Splash,0,,No action performed
23/03/2024,6,4,54,Incompatible,Pepina,Spin,0,,No action performed
23/03/2024,6,5,55,Incompatible,Pepina,Splash,0,,No action performed
23/03/2024,6,6,56,Incompatible,Pepina,Spin,0,,No action performed
23/03/2024,6,7,57,Incompatible,Pepina,Splash,0,,No action performed
23/03/2024,6,8,58,Incompatible,Pepina,Spin,1,0.695,
23/03/2024,6,9,59,Incompatible,Pepina,Splash,0,0.801125,
23/03/2024,7,1,60,Incompatible,Pepina,Spin,1,0.314125,Action begun before signal
23/03/2024,7,2,61,Incompatible,Pepina,Spin,1,0.280375,Action begun before signal
23/03/2024,7,3,62,Incompatible,Pepina,Splash,0,0.37025,
23/03/2024,7,4,63,Incompatible,Pepina,Spin,1,2.203875,
23/03/2024,7,5,64,Incompatible,Pepina,Splash,0,0.24725,
23/03/2024,7,6,65,Incompatible,Pepina,Splash,0,0.905,
23/03/2024,7,7,66,Incompatible,Pepina,Spin,1,0.2535,Action begun before signal
23/03/2024,7,8,67,Incompatible,Pepina,Splash,0,0.606375,
23/03/2024,7,9,68,Incompatible,Pepina,Spin,1,0.4575,
23/03/2024,7,10,69,Incompatible,Pepina,Splash,0,-0.805,
23/03/2024,7,11,70,Incompatible,Pepina,Spin,1,0.83925,
26/03/2024,8,1,71,Incompatible,Pepina,Splash,0,0.439,
26/03/2024,8,2,72,Incompatible,Pepina,Spin,1,0.44175,
26/03/2024,8,3,73,Incompatible,Pepina,Splash,0,0.507,
26/03/2024,8,4,74,Incompatible,Pepina,Spin,0,,No action performed
26/03/2024,8,5,75,Incompatible,Pepina,Splash,0,0.46675,
26/03/2024,8,6,76,Incompatible,Pepina,Spin,1,0.3745,
26/03/2024,8,7,77,Incompatible,Pepina,Spin,1,0.862,
26/03/2024,8,8,78,Incompatible,Pepina,Splash,0,0.222125,Action begun before signal
26/03/2024,8,9,79,Incompatible,Pepina,Spin,1,0.38625,Action begun before signal
26/03/2024,8,10,80,Incompatible,Pepina,Splash,0,0.292375,Action begun before signal
26/03/2024,9,1,81,Incompatible,Pepina,Spin,0,,No action performed
26/03/2024,9,2,82,Incompatible,Pepina,Splash,0,0.46175,
26/03/2024,9,3,83,Incompatible,Pepina,Splash,0,0.282,Action begun before signal
26/03/2024,9,4,84,Incompatible,Pepina,Spin,1,0.45575,
26/03/2024,9,5,85,Incompatible,Pepina,Splash,0,0.358625,Action begun before signal
26/03/2024,9,6,86,Incompatible,Pepina,Spin,1,0.758375,
26/03/2024,9,7,87,Incompatible,Pepina,Splash,0,,No action performed
26/03/2024,9,8,88,Incompatible,Pepina,Splash,0,0.493,
26/03/2024,9,9,89,Incompatible,Pepina,Spin,1,0.599625,
26/03/2024,9,10,90,Incompatible,Pepina,Spin,1,0.36675,
27/03/2024,10,1,91,Incompatible,Pepina,Spin,1,0.243125,Action begun before signal
27/03/2024,10,2,92,Incompatible,Pepina,Splash,0,0.899875,
27/03/2024,10,3,93,Incompatible,Pepina,Spin,1,0.748125,
27/03/2024,10,4,94,Incompatible,Pepina,Splash,0,1.37025,
27/03/2024,10,5,95,Incompatible,Pepina,Spin,1,0.2985,Action begun before signal
27/03/2024,10,6,96,Incompatible,Pepina,Splash,0,0.463625,
27/03/2024,10,7,97,Incompatible,Pepina,Spin,1,0.577375,
27/03/2024,10,8,98,Incompatible,Pepina,Splash,0,0.642875,
27/03/2024,10,9,99,Incompatible,Pepina,Spin,1,0.777875,
27/03/2024,10,10,100,Incompatible,Pepina,Spin,1,0.823375,
27/03/2024,11,1,101,Incompatible,Pepina,Spin,1,0.590875,
27/03/2024,11,2,102,Incompatible,Pepina,Splash,0,1.1995,
27/03/2024,11,3,103,Incompatible,Pepina,Spin,1,0.842125,
27/03/2024,11,4,104,Incompatible,Pepina,Splash,0,1.173625,
27/03/2024,11,5,105,Incompatible,Pepina,Spin,0,,No action performed
27/03/2024,11,6,106,Incompatible,Pepina,Spin,1,0.84875,
27/03/2024,11,8,108,Incompatible,Pepina,Splash,0,0.533,
27/03/2024,11,9,109,Incompatible,Pepina,Spin,1,0.983125,
27/03/2024,11,10,110,Incompatible,Pepina,Splash,0,0.711375,
28/03/2024,12,1,111,Incompatible,Pepina,Splash,0,0.652625,
28/03/2024,12,2,112,Incompatible,Pepina,Spin,1,0.353499999999999,
28/03/2024,12,3,113,Incompatible,Pepina,Spin,1,0.6705,
28/03/2024,12,4,114,Incompatible,Pepina,Splash,0,0.694375,
28/03/2024,12,5,115,Incompatible,Pepina,Spin,1,0.747,
28/03/2024,12,6,116,Incompatible,Pepina,Splash,0,0.677375000000001,
28/03/2024,12,7,117,Incompatible,Pepina,Spin,1,0.691875,
28/03/2024,12,8,118,Incompatible,Pepina,Spin,1,0.776625,
28/03/2024,12,9,119,Incompatible,Pepina,Splash,0,0.719375,
28/03/2024,12,10,120,Incompatible,Pepina,Spin,1,0.762375000000001,
28/03/2024,13,11,121,Incompatible,Pepina,Splash,0,0.857,
28/03/2024,13,12,122,Incompatible,Pepina,Spin,1,0.762750000000001,
28/03/2024,13,13,123,Incompatible,Pepina,Splash,0,0.875625,
28/03/2024,13,14,124,Incompatible,Pepina,Spin,1,0.789625,
28/03/2024,13,15,125,Incompatible,Pepina,Splash,0,0.94075,
28/03/2024,13,16,126,Incompatible,Pepina,Spin,1,0.652125,
28/03/2024,13,17,127,Incompatible,Pepina,Splash,0,,No action performed
28/03/2024,13,18,128,Incompatible,Pepina,Splash,0,0.719875,
28/03/2024,14,1,129,Incompatible,Pepina,Splash,0,0.427875,Action begun before signal
28/03/2024,14,2,130,Incompatible,Pepina,Spin,1,0.646,
28/03/2024,14,3,131,Incompatible,Pepina,Splash,0,0.7895,
28/03/2024,14,4,132,Incompatible,Pepina,Spin,1,0.91075,
28/03/2024,14,5,133,Incompatible,Pepina,Splash,0,0.734625,
28/03/2024,14,6,134,Incompatible,Pepina,Splash,0,0.766,
28/03/2024,14,7,135,Incompatible,Pepina,Spin,1,0.687625,
28/03/2024,14,8,136,Incompatible,Pepina,Spin,1,0.847,
28/03/2024,14,9,137,Incompatible,Pepina,Splash,0,0.396625,Action begun before signal
28/03/2024,14,10,138,Incompatible,Pepina,Spin,1,0.943375,
03/05/2024,1,1,1,Incompatible,Pepina,Tail Wave,0,4.17875,
03/05/2024,1,2,2,Incompatible,Pepina,Belly Up,0,,No action performed
03/05/2024,1,3,3,Incompatible,Pepina,Tail Wave,0,-3.432375,
03/05/2024,1,4,4,Incompatible,Pepina,Belly Up,0,2.420875,
03/05/2024,1,5,5,Incompatible,Pepina,Tail Wave,0,4.353875,
03/05/2024,1,6,6,Incompatible,Pepina,Belly Up,0,2.138375,
03/05/2024,1,7,7,Incompatible,Pepina,Belly Up,0,,No action performed
03/05/2024,1,8,8,Incompatible,Pepina,Tail Wave,0,,No action performed
03/05/2024,1,9,9,Incompatible,Pepina,Belly Up,0,0.748875,
03/05/2024,1,10,10,Incompatible,Pepina,Tail Wave,0,,No action performed
04/05/2024,2,1,11,Incompatible,Pepina,Belly Up,0,,No action performed
04/05/2024,2,2,12,Incompatible,Pepina,Tail Wave,0,4.355875,
04/05/2024,2,3,13,Incompatible,Pepina,Tail Wave,0,,No action performed
04/05/2024,2,4,14,Incompatible,Pepina,Belly Up,0,,No action performed
04/05/2024,2,5,15,Incompatible,Pepina,Tail Wave,0,,No action performed
04/05/2024,2,6,16,Incompatible,Pepina,Belly Up,0,0.36925,
04/05/2024,2,7,17,Incompatible,Pepina,Tail Wave,0,0.481,
04/05/2024,2,8,18,Incompatible,Pepina,Tail Wave,0,0.39575,
04/05/2024,2,9,19,Incompatible,Pepina,Belly Up,0,,No action performed
04/05/2024,2,10,20,Incompatible,Pepina,Belly Up,0,,No action performed
04/05/2024,3,11,21,Incompatible,Pepina,Belly Up,0,,No action performed
04/05/2024,3,12,22,Incompatible,Pepina,Tail Wave,0,,No action performed
04/05/2024,3,13,23,Incompatible,Pepina,Belly Up,0,,No action performed
04/05/2024,3,14,24,Incompatible,Pepina,Tail Wave,0,,No action performed
04/05/2024,3,15,25,Incompatible,Pepina,Belly Up,0,,No action performed
04/05/2024,3,16,26,Incompatible,Pepina,Tail Wave,0,,No action performed
04/05/2024,3,17,27,Incompatible,Pepina,Belly Up,0,,No action performed
04/05/2024,3,18,28,Incompatible,Pepina,Tail Wave,0,,No action performed
04/05/2024,3,19,29,Incompatible,Pepina,Belly Up,0,,No action performed
04/05/2024,3,20,30,Incompatible,Pepina,Belly Up,0,,No action performed
04/05/2024,4,1,31,Incompatible,Pepina,Belly Up,0,,No action performed
04/05/2024,4,2,32,Incompatible,Pepina,Tail Wave,0,0.550875,
04/05/2024,4,3,33,Incompatible,Pepina,Belly Up,0,0.81425,
04/05/2024,4,4,34,Incompatible,Pepina,Tail Wave,0,,No action performed
04/05/2024,4,5,35,Incompatible,Pepina,Belly Up,0,,No action performed
04/05/2024,4,6,36,Incompatible,Pepina,Belly Up,0,,No action performed
04/05/2024,4,7,37,Incompatible,Pepina,Tail Wave,0,,No action performed
04/05/2024,4,8,38,Incompatible,Pepina,Tail Wave,0,,No action performed
04/05/2024,4,9,39,Incompatible,Pepina,Belly Up,0,,No action performed
04/05/2024,4,10,40,Incompatible,Pepina,Tail Wave,0,,No action performed
04/05/2024,5,11,41,Incompatible,Pepina,Belly Up,0,,No action performed
04/05/2024,5,12,42,Incompatible,Pepina,Tail Wave,0,,No action performed
04/05/2024,5,13,43,Incompatible,Pepina,Belly Up,0,0.752125,
04/05/2024,5,14,44,Incompatible,Pepina,Tail Wave,0,,No action performed
04/05/2024,5,15,45,Incompatible,Pepina,Tail Wave,0,,No action performed
04/05/2024,5,16,46,Incompatible,Pepina,Belly Up,0,,No action performed
04/05/2024,5,17,47,Incompatible,Pepina,Belly Up,0,,No action performed
04/05/2024,5,18,48,Incompatible,Pepina,Tail Wave,0,,No action performed
04/05/2024,5,19,49,Incompatible,Pepina,Belly Up,0,,No action performed
04/05/2024,5,20,50,Incompatible,Pepina,Tail Wave,0,,No action performed
05/05/2024,6,1,51,Incompatible,Pepina,Tail Wave,0,,No action performed
05/05/2024,6,2,52,Incompatible,Pepina,Belly Up,0,,No action performed
05/05/2024,6,3,53,Incompatible,Pepina,Tail Wave,0,,No action performed
05/05/2024,6,4,54,Incompatible,Pepina,Belly Up,0,,No action performed
05/05/2024,6,5,55,Incompatible,Pepina,Tail Wave,0,,No action performed
05/05/2024,6,6,56,Incompatible,Pepina,Belly Up,0,0.729875,
05/05/2024,6,7,57,Incompatible,Pepina,Tail Wave,0,,No action performed
05/05/2024,6,8,58,Incompatible,Pepina,Belly Up,0,,No action performed
05/05/2024,6,9,59,Incompatible,Pepina,Tail Wave,0,,No action performed
05/05/2024,6,10,60,Incompatible,Pepina,Belly Up,0,2.858875,
05/05/2024,7,11,61,Incompatible,Pepina,Belly Up,0,3.445875,
05/05/2024,7,12,62,Incompatible,Pepina,Tail Wave,1,3.372875,
05/05/2024,7,13,63,Incompatible,Pepina,Belly Up,0,2.804125,
05/05/2024,7,14,64,Incompatible,Pepina,Tail Wave,0,4.416875,
05/05/2024,7,15,65,Incompatible,Pepina,Tail Wave,0,,No action performed
05/05/2024,7,16,66,Incompatible,Pepina,Belly Up,0,2.896125,
05/05/2024,7,17,67,Incompatible,Pepina,Tail Wave,0,4.30075,
05/05/2024,7,18,68,Incompatible,Pepina,Belly Up,0,2.602125,
05/05/2024,7,19,69,Incompatible,Pepina,Tail Wave,0,5.13125,
05/05/2024,7,20,70,Incompatible,Pepina,Belly Up,0,2.012125,
05/05/2024,8,1,71,Incompatible,Pepina,Belly Up,0,3.3425,Description board says compatible but it looks like it shhould be incompatible 
05/05/2024,8,2,72,Incompatible,Pepina,Tail Wave,1,5.359625,
05/05/2024,8,3,73,Incompatible,Pepina,Belly Up,0,3.170375,
05/05/2024,8,4,74,Incompatible,Pepina,Tail Wave,1,3.347625,
05/05/2024,8,5,75,Incompatible,Pepina,Belly Up,0,2.77475,
05/05/2024,8,6,76,Incompatible,Pepina,Tail Wave,1,2.735125,
05/05/2024,8,7,77,Incompatible,Pepina,Tail Wave,1,2.68125,
05/05/2024,8,8,78,Incompatible,Pepina,Belly Up,0,2.6075,
05/05/2024,8,9,79,Incompatible,Pepina,Tail Wave,1,2.283625,
05/05/2024,8,10,80,Incompatible,Pepina,Belly Up,0,1.78425,
05/05/2024,9,11,81,Incompatible,Pepina,Belly Up,0,1.296875,
05/05/2024,9,12,82,Incompatible,Pepina,Tail Wave,1,0.7965,Action begun before signal
05/05/2024,9,13,83,Incompatible,Pepina,Tail Wave,1,2.68625,
05/05/2024,9,14,84,Incompatible,Pepina,Belly Up,0,3.039125,
05/05/2024,9,15,85,Incompatible,Pepina,Tail Wave,1,1.12125,Action begun before signal
05/05/2024,9,16,86,Incompatible,Pepina,Belly Up,0,,No action performed
05/05/2024,9,17,87,Incompatible,Pepina,Tail Wave,1,1.388875,Action begun before signal
05/05/2024,9,18,88,Incompatible,Pepina,Belly Up,0,0.69275,Action begun before signal
05/05/2024,9,19,89,Incompatible,Pepina,Belly Up,0,2.46325,
05/05/2024,9,20,90,Incompatible,Pepina,Belly Up,0,2.483875,
05/05/2024,10,1,91,Incompatible,Pepina,Tail Wave,1,2.74575,Description board says compatible but it looks like it shhould be incompatible 
05/05/2024,10,2,92,Incompatible,Pepina,Belly Up,0,2.340875,
05/05/2024,10,3,93,Incompatible,Pepina,Tail Wave,1,3.1815,
05/05/2024,10,4,94,Incompatible,Pepina,Belly Up,0,2.885,
05/05/2024,10,5,95,Incompatible,Pepina,Belly up ,0,0,Error?  (at the 9 minute mark in slow mo video)
05/05/2024,10,6,96,Incompatible,Pepina,Tail Wave,1,2.49225,
05/05/2024,10,7,97,Incompatible,Pepina,Tail Wave,1,2.617375,
05/05/2024,10,8,98,Incompatible,Pepina,Belly Up,0,0.499375,Dolphin had already began action before handsignal
05/05/2024,10,9,99,Incompatible,Pepina,Tail Wave,1,2.164375,
05/05/2024,10,10,100,Incompatible,Pepina,Tail Wave,1,2.18675,
05/05/2024,11,11,101,Incompatible,Pepina,Tail Wave,1,2.312375,
05/05/2024,11,12,102,Incompatible,Pepina,Belly up,0,3.2865,
05/05/2024,11,13,103,Incompatible,Pepina,Tail Wave,1,2.456625,
05/05/2024,11,14,104,Incompatible,Pepina,Belly up,0,2.558125,
05/05/2024,11,15,105,Incompatible,Pepina,Tail wave,1,2.171125,
05/05/2024,11,16,106,Incompatible,Pepina,Belly Up,0,2.489,Action begun before signal
05/05/2024,11,17,107,Incompatible,Pepina,Tail Wave,1,2.441,
20/01/2026,1,1,1,Compatible,Debbie,Tail Wave,0,2.637,"ENTIRE SESSION - Recoreded with timelapse function, then slowed down. low framerate makes it difficult to messure accurate"
20/01/2026,1,2,2,Compatible,Debbie,Belly up,1,3.553,
20/01/2026,1,3,3,Compatible,Debbie,Tail Wave,1,4.885,
20/01/2026,1,4,4,Compatible,Debbie,Belly  up,0,5.237,
20/01/2026,1,5,5,Compatible,Debbie,Tail Wave,0,2.964,
20/01/2026,1,6,6,Compatible,Debbie,Belly up,1,2.514,
20/01/2026,1,7,7,Compatible,Debbie,Tail Wave,0,2.61,
20/01/2026,1,8,8,Compatible,Debbie,Belly up,1,2.696,
20/01/2026,1,9,9,Compatible,Debbie,Tail Wave,0,2.163,
20/01/2026,1,10,10,Compatible,Debbie,Belly up,1,2.095,
20/01/2026,2,1,11,Compatible,Debbie,Belly up,1,1.751,Note that the demonstrator (Delphi) does many behaviors wrong
20/01/2026,2,2,12,Compatible,Debbie,Tail Wave,0,1.674,
20/01/2026,2,3,13,Compatible,Debbie,Tail Wave,0,3.494,
20/01/2026,2,4,14,Compatible,Debbie,Belly up,1,1.997,
20/01/2026,2,5,15,Compatible,Debbie,Tail Wave,1,2.962,
20/01/2026,2,6,16,Compatible,Debbie,Belly up,0,3.14,
20/01/2026,2,7,17,Compatible,Debbie,Tail Wave,1,3.095,
20/01/2026,2,8,18,Compatible,Debbie,Tail Wave,1,3.097,
20/01/2026,2,9,19,Compatible,Debbie,Belly up,0,3.583,
20/01/2026,2,10,20,Compatible,Debbie,Belly up,0,3.167,"the trainers asked for an 11th trial (belly up, correct) - not sure whether to include?"
23/01/2026,3,1,21,Compatible,Debbie,Tail Wave,1,4.2,"Note that during this session some trial orders were switched, as the demonstrator (Delphi) struggled to do belly up"
23/01/2026,3,2,22,Compatible,Debbie,Belly up,1,2.146,
23/01/2026,3,3,23,Compatible,Debbie,Tail Wave,1,3.208,
23/01/2026,3,4,24,Compatible,Debbie,Tail Wave,1,2.429,Action begun before signal
23/01/2026,3,5,25,Compatible,Debbie,Belly up,0,2.629,
23/01/2026,3,6,26,Compatible,Debbie,Belly up,0,2.009,Action begun before signal
23/01/2026,3,7,27,Compatible,Debbie,Tail Wave,1,3.651,
23/01/2026,3,8,28,Compatible,Debbie,Belly up,0,2.556,Action begun before signal
23/01/2026,3,9,29,Compatible,Debbie,Belly up,0,3.309,trainers re-did belly up multiple times cause they did not respond well
23/01/2026,3,10,30,Compatible,Debbie,Tail Wave,1,, PELLE - I am not sure what two messure in the final to trials 
27/01/2026,4,1,31,Compatible,Debbie,Belly up,1,1.269,Note that for some reason the trainer used the specific signal in this session
27/01/2026,4,2,32,Compatible,Debbie,Tail Wave,1,2.836,Action begun before signal
27/01/2026,4,3,33,Compatible,Debbie,Tail Wave,1,2.255,Action begun before signal
27/01/2026,4,4,34,Compatible,Debbie,Belly up,1,1.456,
27/01/2026,4,5,35,Compatible,Debbie,Tail Wave,1,2.844,
27/01/2026,4,6,36,Compatible,Debbie,Belly up,1,1.089,
27/01/2026,4,7,37,Compatible,Debbie,Tail Wave,1,3.07,
27/01/2026,4,8,38,Compatible,Debbie,Belly up,1,1.252,
27/01/2026,4,9,39,Compatible,Debbie,Tail Wave,1,3.162,
27/01/2026,4,10,40,Compatible,Debbie,Belly up,1,0.84,Action begun before signal
28/01/2026,5,1,41,Compatible,Debbie,Belly up,1,2.051,
28/01/2026,5,2,42,Compatible,Debbie,Tail Wave,0,1.862,
28/01/2026,5,3,43,Compatible,Debbie,Belly up,1,1.261,
28/01/2026,5,4,44,Compatible,Debbie,Tail Wave,0,1.901,
28/01/2026,5,5,45,Compatible,Debbie,Belly up,1,1.864,
28/01/2026,5,6,46,Compatible,Debbie,Tail Wave,1,3.091,
28/01/2026,5,7,47,Compatible,Debbie,Belly up,1,1.64,
28/01/2026,5,8,48,Compatible,Debbie,Tail Wave,0,2.062,
28/01/2026,5,9,49,Compatible,Debbie,Belly up,1,1.515,
28/01/2026,5,10,50,Compatible,Debbie,Tail Wave,0,1.082,
28/01/2026,6,1,51,Compatible,Debbie,Tail Wave,0,1.78,
28/01/2026,6,2,52,Compatible,Debbie,Belly up,1,1.762,
28/01/2026,6,3,53,Compatible,Debbie,Tail Wave,0,1.781,
28/01/2026,6,4,54,Compatible,Debbie,Belly up,1,1.807,
28/01/2026,6,5,55,Compatible,Debbie,Belly up,1,1.462,
28/01/2026,6,6,56,Compatible,Debbie,Tail Wave,0,1.636,
28/01/2026,6,7,57,Compatible,Debbie,Belly up,1,1.519,
28/01/2026,6,8,58,Compatible,Debbie,Tail Wave,0,1.679,
28/01/2026,6,9,59,Compatible,Debbie,Belly up,1,1.802,
28/01/2026,6,10,60,Compatible,Debbie,Tail Wave,0,1.87,
30/01/2026,7,1,61,Compatible,Debbie,Belly up,1,2.134,"ENTIRE SESSION - Recoreded with timelapse function, then slowed down. low framerate makes it difficult to messure accurate"
30/01/2026,7,2,62,Compatible,Debbie,Tail Wave,0,2.224,
30/01/2026,7,3,63,Compatible,Debbie,Belly up,1,2.225,
30/01/2026,7,4,64,Compatible,Debbie,Tail Wave,1,4.995,
30/01/2026,7,5,65,Compatible,Debbie,Tail Wave,1,4.582,
30/01/2026,7,6,66,Compatible,Debbie,Belly up,1,1.845,
30/01/2026,7,7,67,Compatible,Debbie,Belly up,1,2.591,
30/01/2026,7,8,68,Compatible,Debbie,Tail Wave,1,5.137,
30/01/2026,7,9,69,Compatible,Debbie,Belly up,1,1.495,
30/01/2026,7,10,70,Compatible,Debbie,Tail Wave,1,4.493,
30/01/2026,8,1,71,Compatible,Debbie,Tail Wave,1,3.897,
30/01/2026,8,2,72,Compatible,Debbie,Belly up,1,1.425,
30/01/2026,8,3,73,Compatible,Debbie,Tail Wave,1,3.266,
30/01/2026,8,4,74,Compatible,Debbie,Belly up,1,1.431,
30/01/2026,8,5,75,Compatible,Debbie,Tail Wave,0,1.258,
30/01/2026,8,6,76,Compatible,Debbie,Belly up,1,1.715,
30/01/2026,8,7,77,Compatible,Debbie,Belly up,1,1.97,
30/01/2026,8,8,78,Compatible,Debbie,Tail Wave,1,3.624,
30/01/2026,8,9,79,Compatible,Debbie,Belly up,1,1.539,
30/01/2026,8,10,80,Compatible,Debbie,Tail Wave,0,1.137,
02/02/2026,9,1,81,Compatible,Debbie,Belly up,1,1.863,
02/02/2026,9,2,82,Compatible,Debbie,Tail Wave,1,3.268,
02/02/2026,9,3,83,Compatible,Debbie,Tail Wave,1,3.957,
02/02/2026,9,4,84,Compatible,Debbie,Belly up,1,1.875,
02/02/2026,9,5,85,Compatible,Debbie,Tail Wave,1,4.054,
02/02/2026,9,6,86,Compatible,Debbie,Belly up,1,1.942,
02/02/2026,9,7,87,Compatible,Debbie,Tail Wave,1,3.738,
02/02/2026,9,8,88,Compatible,Debbie,Tail Wave,1,3.595,
02/02/2026,9,9,89,Compatible,Debbie,Belly up,1,1.131,
02/02/2026,9,10,90,Compatible,Debbie,Belly up,1,1.703,
02/02/2026,10,1,91,Compatible,Debbie,Tail Wave,1,3.498,
02/02/2026,10,2,92,Compatible,Debbie,Belly up,1,1.459,
02/02/2026,10,3,93,Compatible,Debbie,Tail Wave,1,3.745,
02/02/2026,10,4,94,Compatible,Debbie,Tail Wave,1,3.762,
02/02/2026,10,5,95,Compatible,Debbie,Belly up,1,1.933,
02/02/2026,10,6,96,Compatible,Debbie,Belly up,1,1.495,
02/02/2026,10,7,97,Compatible,Debbie,Tail Wave,1,3.369,
02/02/2026,10,8,98,Compatible,Debbie,Belly up,1,1.205,
02/02/2026,10,9,99,Compatible,Debbie,Belly up,1,1.138,
02/02/2026,10,10,100,Compatible,Debbie,Tail Wave,1,3.93,
20/01/2026,1,1,1,Compatible,Daisy,Tail Wave,1,6.88,
20/01/2026,1,2,2,Compatible,Daisy,Belly up,1,4.3,
20/01/2026,1,3,3,Compatible,Daisy,Tail Wave,0,2.834,
20/01/2026,1,4,4,Compatible,Daisy,Belly up,1,3.63,"trial repeated because demonstrator (Delphi) did not respond, Daisy starts early"
20/01/2026,1,5,5,Compatible,Daisy,Tail Wave,0?,2.507,"not sure whether 0 or 1, demonstrator indicated tail wave, but then did belly up, which was done by the observer, then, too"
20/01/2026,1,6,6,Compatible,Daisy,Belly up,1,4.564,
20/01/2026,1,7,7,Compatible,Daisy,Belly up,1,3.915,
20/01/2026,1,8,8,Compatible,Daisy,Tail Wave,0?,1.22,"trial repeated, both start early, both belly up - - I (Pelle) dont se the trial repeated? but yes both started early"
20/01/2026,1,9,9,Compatible,Daisy,Belly up,1,5.118,
20/01/2026,1,10,10,Compatible,Daisy,Tail Wave,1,3.834,
23/01/2026,2,1,11,Compatible,Daisy,Belly up,1,2.369,Note that the order of behaviors is switched as demonstrator (Pepina) did not do belly up reliably
23/01/2026,2,2,12,Compatible,Daisy,Tail Wave,1,4.491,
23/01/2026,2,3,13,Compatible,Daisy,Tail Wave,0,2.634,trial repeated
23/01/2026,2,4,14,Compatible,Daisy,Belly up,1,3.765,trial repeated
23/01/2026,2,5,15,Compatible,Daisy,Tail Wave,1,4.027,
23/01/2026,2,6,16,Compatible,Daisy,Belly up,0,4.297,trial repeated twice
23/01/2026,2,7,17,Compatible,Daisy,Tail Wave,1,2.409,
23/01/2026,2,8,18,Compatible,Daisy,Tail Wave,1,0,"im not sure when this happened, "
23/01/2026,2,9,19,Compatible,Daisy,Belly up,1,3.861,
23/01/2026,2,10,20,Compatible,Daisy,Belly up,0,1.755,"repeated a couple of times, as demonstrator did not do belly up"
27/01/2026,3,1,21,Compatible,Daisy,Tail Wave,0,4.881,
27/01/2026,3,2,22,Compatible,Daisy,Belly up,1,3.832,
27/01/2026,3,3,23,Compatible,Daisy,Tail Wave,0,2.953,
27/01/2026,3,4,24,Compatible,Daisy,Tail Wave,0,2.384,
27/01/2026,3,5,25,Compatible,Daisy,Belly up,1,2.384,
27/01/2026,3,6,26,Compatible,Daisy,Belly up,1,3.252,
27/01/2026,3,7,27,Compatible,Daisy,Tail Wave,0,2.46,
27/01/2026,3,8,28,Compatible,Daisy,Belly up,1,3.413,
27/01/2026,3,9,29,Compatible,Daisy,Belly up,1,3.023,
27/01/2026,3,10,30,Compatible,Daisy,Tail Wave,1,2.647,Action begun before signal
28/01/2026,4,1,31,Compatible,Daisy,Belly up,1,2.31,
28/01/2026,4,2,32,Compatible,Daisy,Tail Wave,1,3.529,
28/01/2026,4,3,33,Compatible,Daisy,Tail Wave,1,3.329,Action begun before signal
28/01/2026,4,4,34,Compatible,Daisy,Belly up,1,1.895,
28/01/2026,4,5,35,Compatible,Daisy,Tail Wave,1,4.224,
28/01/2026,4,6,36,Compatible,Daisy,Belly up,0,3.966,
28/01/2026,4,7,37,Compatible,Daisy,Tail Wave,1,2.97,starts early often in last half of session
28/01/2026,4,8,38,Compatible,Daisy,Belly up,0,3.963,Action begun before signal
28/01/2026,4,9,39,Compatible,Daisy,Tail Wave,1,2.856,Action begun before signal
28/01/2026,4,10,40,Compatible,Daisy,Belly up,0,2.691,Action begun before signal
28/01/2026,5,1,41,Compatible,Daisy,Belly up,1,2.89,
28/01/2026,5,2,42,Compatible,Daisy,Tail Wave,0,1.982,
28/01/2026,5,3,43,Compatible,Daisy,Belly up,1,2.925,
28/01/2026,5,4,44,Compatible,Daisy,Tail Wave,1,3.615,
28/01/2026,5,5,45,Compatible,Daisy,Belly up,1,3.523,
28/01/2026,5,6,46,Compatible,Daisy,Tail Wave,1,4.431,
28/01/2026,5,7,47,Compatible,Daisy,Belly up,1,2.674,
28/01/2026,5,8,48,Compatible,Daisy,Tail Wave,1,3.551,
28/01/2026,5,9,49,Compatible,Daisy,Belly up,1,2.864,
28/01/2026,5,10,50,Compatible,Daisy,Tail Wave,1,2.922,repeated trial following trainer's wish
30/01/2026,6,1,51,Compatible,Daisy,Tail Wave,1,6.139,"Note that this session was recorded in timelapse, try slowed down version for latency - Framerate very low, difficult to pinpoint time cues. "
30/01/2026,6,2,52,Compatible,Daisy,Belly up,1,4.555,
30/01/2026,6,3,53,Compatible,Daisy,Tail Wave,0,4.686,Action begun before signal
30/01/2026,6,4,54,Compatible,Daisy,Belly up,1,3.017,
30/01/2026,6,5,55,Compatible,Daisy,Belly up,1,2.734,trial 5 or 6 repeated
30/01/2026,6,6,56,Compatible,Daisy,Tail Wave,1,6.986,trial 5 or 6 repeated
30/01/2026,6,7,57,Compatible,Daisy,Belly up,1,2.9,Action begun before signal
30/01/2026,6,8,58,Compatible,Daisy,Tail Wave,1,5.869,Action begun before signal
30/01/2026,6,9,59,Compatible,Daisy,Belly up,1,1.983,Action begun before signal
30/01/2026,6,10,60,Compatible,Daisy,Tail Wave,1,5.344,Action begun before signal
30/01/2026,7,1,61,Compatible,Daisy,Belly up,1,1.462,"Note that the order of behaviors is partially switched, for Pepina's issue with belly up - action begun before signal"
30/01/2026,7,2,62,Compatible,Daisy,Tail Wave,1,4.147,
30/01/2026,7,3,63,Compatible,Daisy,Belly up,1,0.874,Action begun before signal
30/01/2026,7,4,64,Compatible,Daisy,Tail Wave,0,0.788,Action begun before signal
30/01/2026,7,5,65,Compatible,Daisy,Tail Wave,1,3.014,Action begun before signal
30/01/2026,7,6,66,Compatible,Daisy,Belly up,1,1.419,trial repeated because demonstrator (Pepina) wrong
30/01/2026,7,7,67,Compatible,Daisy,Belly up,1,?,trial repeated twice because demonstrator wrong - Latency not possible
30/01/2026,7,8,68,Compatible,Daisy,Tail Wave,1,?,Daisy responds without cue - Latency not possible
30/01/2026,7,9,69,Compatible,Daisy,Belly up,1,3.65,trial repeated because demonstrator wrong
30/01/2026,7,10,70,Compatible,Daisy,Tail Wave,1,?,Latency not possible
04/02/2026,1,1,1,Compatible,Daisy,Splash,1,2.921,"Note that during this session, Daisy did a lot of belly up responses"
04/02/2026,1,2,2,Compatible,Daisy,Spin,1,2.855,
04/02/2026,1,3,3,Compatible,Daisy,Splash,0,2.682,
04/02/2026,1,4,4,Compatible,Daisy,Spin,1,2.711,
04/02/2026,1,5,5,Compatible,Daisy,Splash,0,2.536,
04/02/2026,1,6,6,Compatible,Daisy,Spin,1,2.888,
04/02/2026,1,7,7,Compatible,Daisy,Spin,0,2.596,
04/02/2026,1,8,8,Compatible,Daisy,Splash,0,2.564,
04/02/2026,1,9,9,Compatible,Daisy,Spin,0,3.154,
04/02/2026,1,10,10,Compatible,Daisy,Splash,0,2.26,"trial repeated, because Daisy did not respond"
04/03/2026,2,1,11,Compatible,Daisy,Spin,0,2.585,"Note that we conducted two reminder sessions for Daisy, due to one month between first session & second session. Those are not digitalized but a photo of manual sheet will be uploaded for completeness."
04/03/2026,2,2,12,Compatible,Daisy,Splash,1,0.988,
04/03/2026,2,3,13,Compatible,Daisy,Splash,1,0.725,
04/03/2026,2,4,14,Compatible,Daisy,Spin,0,2.504,
04/03/2026,2,5,15,Compatible,Daisy,Splash,1,0.625,
04/03/2026,2,6,16,Compatible,Daisy,Spin,0,2.614,
04/03/2026,2,7,17,Compatible,Daisy,Splash,1,0.64,
04/03/2026,2,8,18,Compatible,Daisy,Splash,1,0.387,
04/03/2026,2,9,19,Compatible,Daisy,Spin,0,0.883,
04/03/2026,2,10,20,Compatible,Daisy,Spin,0,6.465,trial repeated because demonstrator (Delphi) did not respond 
04/03/2026,3,1,21,Compatible,Daisy,Splash,1,1.146,This and the following session were conducted right after each other
04/03/2026,3,2,22,Compatible,Daisy,Spin,1,2.109,"first indicated splash, but switched to spin"
04/03/2026,3,3,23,Compatible,Daisy,Splash,0,2.077,
04/03/2026,3,4,24,Compatible,Daisy,Splash,1,0.877,
04/03/2026,3,5,25,Compatible,Daisy,Spin,1,2.064,
04/03/2026,3,6,26,Compatible,Daisy,Spin,0,0.502,
04/03/2026,3,7,27,Compatible,Daisy,Splash,1,0.674,
04/03/2026,3,8,28,Compatible,Daisy,Spin,0,0.602,
04/03/2026,3,9,29,Compatible,Daisy,Spin,0,0.465,Action begun before signal
04/03/2026,3,10,30,Compatible,Daisy,Splash,1,0.712,
04/03/2026,4,1,31,Compatible,Daisy,Spin,0,0.521,Generel for this session Daisy often began the action before the signal was given 
04/03/2026,4,2,32,Compatible,Daisy,Splash,1,1.03,
04/03/2026,4,3,33,Compatible,Daisy,Splash,1,0.484,
04/03/2026,4,4,34,Compatible,Daisy,Spin,0,0.475,Action begun before signal
04/03/2026,4,5,35,Compatible,Daisy,Splash,1,0.637,
04/03/2026,4,6,36,Compatible,Daisy,Spin,0,0.597,
04/03/2026,4,7,37,Compatible,Daisy,Splash,1,0.533,
04/03/2026,4,8,38,Compatible,Daisy,Spin,0,0.496,Action begun before signal
04/03/2026,4,9,39,Compatible,Daisy,Splash,1,0.455,Action begun before signal
04/03/2026,4,10,40,Compatible,Daisy,Spin,0,0.647,Action begun before signal
05/03/2026,5,1,41,Compatible,Daisy,Spin,0,0.659,"This and the following session were conducted right after each other - For Session 5 & 6 the copy command was given a bit inconsistently. sometimes with very slow movement, which resulted in Daisy beginning the action before the command was fully given. "
05/03/2026,5,2,42,Compatible,Daisy,Splash,1,0.972,
05/03/2026,5,3,43,Compatible,Daisy,Spin,0,0.435,Action begun before signal
05/03/2026,5,4,44,Compatible,Daisy,Splash,1,0.552,
05/03/2026,5,5,45,Compatible,Daisy,Spin,0,0.866,
05/03/2026,5,6,46,Compatible,Daisy,Splash,1,0.603,
05/03/2026,5,7,47,Compatible,Daisy,Spin,0,0.734,
05/03/2026,5,8,48,Compatible,Daisy,Splash,1,0.461,Action begun before signal
05/03/2026,5,9,49,Compatible,Daisy,Spin,0,0.653,
05/03/2026,5,10,50,Compatible,Daisy,Splash,1,0.518,Action begun before signal
05/03/2026,6,1,51,Compatible,Daisy,Splash,1,0.538,
05/03/2026,6,2,52,Compatible,Daisy,Spin,0,1.169,
05/03/2026,6,3,53,Compatible,Daisy,Splash,1,0.515,Action begun before signal
05/03/2026,6,4,54,Compatible,Daisy,Spin,0,0.725,
05/03/2026,6,5,55,Compatible,Daisy,Spin,0,0.478,Action begun before signal
05/03/2026,6,6,56,Compatible,Daisy,Splash,1,0.589,
05/03/2026,6,7,57,Compatible,Daisy,Spin,0,0.416,Action begun before signal
05/03/2026,6,8,58,Compatible,Daisy,Splash,1,0.58,Action begun before signal
05/03/2026,6,9,59,Compatible,Daisy,Spin,0,0.735,
05/03/2026,6,10,60,Compatible,Daisy,Splash,1,0.517,Action begun before signal
05/03/2026,7,1,61,Compatible,Daisy,Spin,0,0.444,This and the following session were conducted right after each other
05/03/2026,7,2,62,Compatible,Daisy,Splash,1,0.395,Note that the trainer did the specific signal between trial 1 and 2 (unrewarded)
05/03/2026,7,3,63,Compatible,Daisy,Spin,1,2.593,
05/03/2026,7,4,64,Compatible,Daisy,Splash,1,0.864,
05/03/2026,7,5,65,Compatible,Daisy,Splash,1,0.485,
05/03/2026,7,6,66,Compatible,Daisy,Spin,0,0.249,Action begun before signal
05/03/2026,7,7,67,Compatible,Daisy,Spin,0,0.57,
05/03/2026,7,8,68,Compatible,Daisy,Splash,1,0.483,Action begun before signal
05/03/2026,7,9,69,Compatible,Daisy,Spin,0,0.696,"trial repeated, because Daisy did not react"
05/03/2026,7,10,70,Compatible,Daisy,Splash,1,0.547,
05/03/2026,8,1,71,Compatible,Daisy,Spin,1,2.463,"Note that during this session, the trainer (Angie) started to delay her signal"
05/03/2026,8,2,72,Compatible,Daisy,Splash,1,0.567,
05/03/2026,8,3,73,Compatible,Daisy,Spin,0,0.905,
05/03/2026,8,4,74,Compatible,Daisy,Splash,1,0.663,
05/03/2026,8,5,75,Compatible,Daisy,Spin,1,2.72,
05/03/2026,8,6,76,Compatible,Daisy,Splash,1,0.655,
05/03/2026,8,7,77,Compatible,Daisy,Spin,0,1.876,
05/03/2026,8,8,78,Compatible,Daisy,Splash,1,0.363,Action begun before signal
05/03/2026,8,9,79,Compatible,Daisy,Spin,1,2.344,
05/03/2026,8,10,80,Compatible,Daisy,Splash,1,0.373,Action begun before signal
06/03/2026,9,1,81,Compatible,Daisy,Splash,1,0.567,This and the following session were conducted right after each other
06/03/2026,9,2,82,Compatible,Daisy,Spin,0,0.682,
06/03/2026,9,3,83,Compatible,Daisy,Splash,1,0.633,
06/03/2026,9,4,84,Compatible,Daisy,Spin,0,2.717,
06/03/2026,9,5,85,Compatible,Daisy,Spin,1,2.377,
06/03/2026,9,6,86,Compatible,Daisy,Splash,1,?,Action completed before signal
06/03/2026,9,7,87,Compatible,Daisy,Spin,1,2.184,
06/03/2026,9,8,88,Compatible,Daisy,Splash,1,0.299,Action begun before signal
06/03/2026,9,9,89,Compatible,Daisy,Spin,1,1.869,
06/03/2026,9,10,90,Compatible,Daisy,Splash,0,2.396,
06/03/2026,10,1,91,Compatible,Daisy,Spin,0,1.902,
06/03/2026,10,2,92,Compatible,Daisy,Splash,1,0.917,
06/03/2026,10,3,93,Compatible,Daisy,Splash,1,0.289,Action begun before signal
06/03/2026,10,4,94,Compatible,Daisy,Spin,1,1.942,Action begun before signal
06/03/2026,10,5,95,Compatible,Daisy,Splash,1,0.224,Action begun before signal
06/03/2026,10,6,96,Compatible,Daisy,Spin,1,2.007,Action begun before signal
06/03/2026,10,7,97,Compatible,Daisy,Spin,1,1.709,Action begun before signal
06/03/2026,10,8,98,Compatible,Daisy,Splash,1,0.451,Action begun before signal
06/03/2026,10,9,99,Compatible,Daisy,Splash,1,0.344,Action begun before signal
06/03/2026,10,10,100,Compatible,Daisy,Spin,1,2.024,Action begun before signal
06/03/2026,11,1,101,Compatible,Daisy,Splash,0,2.267,This and the following session were conducted right after each other
06/03/2026,11,2,102,Compatible,Daisy,Spin,1,2.247,
06/03/2026,11,3,103,Compatible,Daisy,Splash,1,0.482,
06/03/2026,11,4,104,Compatible,Daisy,Spin,0,0.671,
06/03/2026,11,5,105,Compatible,Daisy,Splash,1,0.56,
06/03/2026,11,6,106,Compatible,Daisy,Spin,0,0.491,Action begun before signal
06/03/2026,11,7,107,Compatible,Daisy,Splash,1,0.385,Action begun before signal
06/03/2026,11,8,108,Compatible,Daisy,Spin,0,1.28,
06/03/2026,11,9,109,Compatible,Daisy,Spin,0,0.731,
06/03/2026,11,10,110,Compatible,Daisy,Splash,1,0.351,Action begun before signal
06/03/2026,12,1,111,Compatible,Daisy,Spin,0,0.927,Note that during this session Daisy didn't do anything correctly and came up with behaviors like belly up & tailwave
06/03/2026,12,2,112,Compatible,Daisy,Spin,0,2.077,
06/03/2026,12,3,113,Compatible,Daisy,Splash,0,?,No complete behavior
06/03/2026,12,4,114,Compatible,Daisy,Splash,0,5.067,
06/03/2026,12,5,115,Compatible,Daisy,Spin,0,2.426,
06/03/2026,12,6,116,Compatible,Daisy,Splash,0,?,No complete behavior
06/03/2026,12,7,117,Compatible,Daisy,Splash,0,?,No complete behavior
06/03/2026,12,8,118,Compatible,Daisy,Spin,0,?,No complete behavior
06/03/2026,12,9,119,Compatible,Daisy,Spin,0,?,No complete behavior
06/03/2026,12,10,120,Compatible,Daisy,Splash,0,?,No complete behavior
09/03/2026,13,1,121,Compatible,Daisy,Spin,1,2.328,This and the following session were conducted right after each other
09/03/2026,13,2,122,Compatible,Daisy,Splash,1,1.76,
09/03/2026,13,3,123,Compatible,Daisy,Spin,0,0.827,
09/03/2026,13,4,124,Compatible,Daisy,Splash,1,0.644,
09/03/2026,13,5,125,Compatible,Daisy,Spin,0,0.847,
09/03/2026,13,6,126,Compatible,Daisy,Splash,1,0.47,
09/03/2026,13,7,127,Compatible,Daisy,Spin,0,0.706,
09/03/2026,13,8,128,Compatible,Daisy,Splash,1,0.52,
09/03/2026,13,9,129,Compatible,Daisy,Spin,0,0.488,
09/03/2026,13,10,130,Compatible,Daisy,Splash,1,0.476,
09/03/2026,14,1,131,Compatible,Daisy,Splash,1,0.644,
09/03/2026,14,2,132,Compatible,Daisy,Spin,0,0.667,
09/03/2026,14,3,133,Compatible,Daisy,Splash,1,0.642,
09/03/2026,14,4,134,Compatible,Daisy,Spin,0,0.746,
09/03/2026,14,5,135,Compatible,Daisy,Spin,0,0.841,
09/03/2026,14,6,136,Compatible,Daisy,Splash,1,0.636,
09/03/2026,14,7,137,Compatible,Daisy,Splash,1,0.439,
09/03/2026,14,8,138,Compatible,Daisy,Spin,0,0.687,
09/03/2026,14,9,139,Compatible,Daisy,Splash,1,0.7,
09/03/2026,14,10,140,Compatible,Daisy,Spin,0,0.636,
